Tool_Name_Standardised,Name_Variants,Discovery_Count,LLM_Services,LLM_Services_Count,LLM_Models,Harnesses,Journals,Journals_Count,Run_Qualities,Sample_Article_Title,Sample_URL,Hallucination_Risk,Verification_Outcome
3D scanning and 3D printing technology,3D scanning and 3D printing technology,1,ChatGPT Deep Research,1,Unknown (Deep Research),Deep Research (web),Internet Archaeology,1,success,"Creation of Functional Replica Roman and Late Antique Musical Instruments through 3D Scanning and Printing Technology, and their use in research and museum education",https://intarch.ac.uk/journal/issue56/1/index.html,LOW,MISATTRIBUTED
3DArq,3DArq (3D modelling tool),1,ChatGPT Deep Research,1,Unknown (Deep Research),Deep Research (web),JOAD,1,extreme fail,Advancements in 3D Modelling for Archaeological Artifacts,https://doi.org/10.5334/joad.160,HIGH,CONFABULATED
ABBYY FineReader,ABBYY FineReader,1,ChatGPT Deep Research,1,Unknown (Deep Research),Deep Research (web),JOSS,1,success-secondpass,DataScribe: An Omeka S module for structured data transcription (Journal of Open Source Software: DataScribe: An Omeka S module for structured data transcription),https://joss.theoj.org/papers/10.21105/joss.05661,LOW,MISATTRIBUTED
ABCD,ABCD,1,ChatGPT Deep Research,1,Unknown (Deep Research),Deep Research (web),Internet Archaeology,1,success,Foreword,https://intarch.ac.uk/journal/issue1/foreword.html,LOW,VERIFIED
AIKoGAM,AIKoGAM,1,OpenAI o3,1,o3,Web chat (o3),JCAA,1,standard,AIKoGAM: An AI-driven Knowledge Graph of the Antiquities Market: Toward Automatised Methods to Identify Illicit Trafficking Networks,https://doi.org/10.5334/jcaa.130,LOW,VERIFIED
AMCR-PAS portal,AMCR-PAS portal,1,ChatGPT Deep Research,1,Unknown (Deep Research),Deep Research (web),Internet Archaeology,1,success,Recording Data from Metal-Detecting Activities in the Czech Republic: The Portal of Amateur Collaborators and Register of Individual Finds (AMCR-PAS),https://intarch.ac.uk/journal/issue64/13/index.html,LOW,VERIFIED
ARCHIS,"ARCHIS | ARCHIS (central archaeological information system, Netherlands)",5,ChatGPT Deep Research | Perplexity Deep Research,2,Unknown (Deep Research) | Perplexity Pro,Deep Research (web) | Perplexity (web),Multiple (sample run) | Internet Archaeology | Multiple,3,sample | fail | success | synthetic-prompt,,Closed-source,LOW (cross-validated),VERIFIED
ARIADNE,ARIADNE,2,ChatGPT Deep Research,1,Unknown (Deep Research),Deep Research (web),Internet Archaeology,1,fail | success,Enabling European Archaeological Research: The ARIADNE E-Infrastructure,https://intarch.ac.uk/journal/issue43/aloia_toc.html,MEDIUM,VERIFIED
ActiveX,ActiveX,2,ChatGPT Deep Research,1,Unknown (Deep Research),Deep Research (web),Internet Archaeology,1,fail | success,Communicating Archaeological Risk with Web-Based Virtual Reality: A Case Study,https://intarch.ac.uk/journal/issue31/landeschi-carrozzino_index.html,MEDIUM,MISATTRIBUTED
Adobe Acrobat,Adobe Acrobat,1,ChatGPT Deep Research,1,Unknown (Deep Research),Deep Research (web),Internet Archaeology,1,success,"Archaeological Applications of GIS - CD-ROM Proceedings of Colloquium II, UISPP XIIIth Congress, Forli, Italy",https://intarch.ac.uk/journal/issue5/reviews/wheatley.html,LOW,MISATTRIBUTED
Adobe Illustrator CS2,Adobe Illustrator CS2,1,ChatGPT Deep Research,1,Unknown (Deep Research),Deep Research (web),Internet Archaeology,1,success,An Interactive Image Using SVG and Ajax in Archaeology,https://intarch.ac.uk/journal/issue23/charno_index.html,LOW,MISATTRIBUTED
Advanced viewshed analysis,Advanced viewshed analysis,1,ChatGPT Deep Research,1,Unknown (Deep Research),Deep Research (web),JOSS,1,fail-possible,"Advanced viewshed analysis: a Quantum GIS plug-in for the analysis of visual landscapes,""N/A","Vol. 1, Iss. 4",MEDIUM,CONFABULATED
Agisoft PhotoScan,Agisoft PhotoScan (photogrammetry),1,ChatGPT Deep Research,1,Unknown (Deep Research),Deep Research (web),Internet Archaeology,1,success,From Archive to GIS: Recovering Spatial Information for Tholos IV at the Palace of Nestor from the Notebooks of Lord William Taylour,https://intarch.ac.uk/journal/issue56/5/index.html,LOW,VERIFIED
Ajax,Ajax,1,ChatGPT Deep Research,1,Unknown (Deep Research),Deep Research (web),Internet Archaeology,1,success,An Interactive Image Using SVG and Ajax in Archaeology,https://intarch.ac.uk/journal/issue23/charno_index.html,LOW,MISATTRIBUTED
Annotorious,Annotorious,1,OpenAI Operator,1,Operator,Operator (browser agent),JOAD,1,standard,Annotated 3D-Models of Cuneiform Tablets,,LOW,VERIFIED
Arc/Info,Arc/Info,1,ChatGPT Deep Research,1,Unknown (Deep Research),Deep Research (web),Internet Archaeology,1,success,Sensuous and reflexive GIS: exploring visualisation and VRML,https://intarch.ac.uk/journal/issue1/gillings_toc.html,LOW,MISATTRIBUTED
ArcGIS,ArcGIS | ArcGIS (widely used GIS software),4,ChatGPT Deep Research | OpenAI o3,2,Unknown (Deep Research) | o3,Deep Research (web) | Web chat (o3),Internet Archaeology | JCAA,2,fail | success | standard,"GIS Visualisations of Mortuary Data from Holešov, Czech Republic",https://intarch.ac.uk/journal/issue36/smejda_toc.html,LOW (cross-validated),MISATTRIBUTED
ArcGIS 10.5,ArcGIS 10.5 (proprietary GIS software used for least-cost path modeling),1,OpenAI o3,1,o3,Web chat (o3),JCAA,1,standard,"Building a Model to Reconstruct the Hellenistic and Roman Road Networks of the Eastern Desert of Egypt, a Semi-Empirical Approach Based on Modern Travelers’ Itineraries",https://doi.org/10.5334/jcaa.67,LOW,MISATTRIBUTED
ArcGIS skeletal templates,ArcGIS skeletal templates,1,ChatGPT Deep Research,1,Unknown (Deep Research),Deep Research (web),Internet Archaeology,1,success,A New Tool for Zooarchaeological Analysis: ArcGIS Skeletal Templates for Some Common Mammalian Species,https://intarch.ac.uk/journal/issue28/orton_index.html,LOW,VERIFIED
ArcMap,ArcMap (ArcGIS),1,ChatGPT Deep Research,1,Unknown (Deep Research),Deep Research (web),Internet Archaeology,1,success,Dress and Social Identities: the role of GIS in mapping social structure in the central Italian Iron Age cemetery of Osteria dell'Osa,https://intarch.ac.uk/journal/issue24/cougle_index.html,LOW,MISATTRIBUTED
ArcScene,ArcScene,1,ChatGPT Deep Research,1,Unknown (Deep Research),Deep Research (web),Internet Archaeology,1,success,"Breedon Hill, Leicestershire: new surveys and their implications",https://intarch.ac.uk/journal/issue52/6/index.html,LOW,MISATTRIBUTED
ArcView GIS,ArcView GIS,3,ChatGPT Deep Research,1,Unknown (Deep Research),Deep Research (web),Internet Archaeology,1,success,An Interactive Image Using SVG and Ajax in Archaeology,https://intarch.ac.uk/journal/issue23/charno_index.html,LOW,MISATTRIBUTED
ArcView GIS 3.3,ArcView GIS 3.3,1,ChatGPT Deep Research,1,Unknown (Deep Research),Deep Research (web),Internet Archaeology,1,success,"Planning Uncertainty: Creating an Artefact Density Index for North Yorkshire, England",https://intarch.ac.uk/journal/issue21/boldrini_index.html,LOW,MISATTRIBUTED
Arch-I-Scan,Arch-I-Scan,5,ChatGPT Deep Research | OpenAI o3 | Perplexity Deep Research,3,Unknown (Deep Research) | o3 | Perplexity Pro,Deep Research (web) | Web chat (o3) | Perplexity (web),Multiple (sample run) | Internet Archaeology | JCAA | Multiple,4,sample | fail | success | standard | synthetic-prompt,,,LOW (cross-validated),VERIFIED
ArchABM,ArchABM,2,OpenAI o3 | ChatGPT Deep Research,2,o3 | Unknown (Deep Research),Web chat (o3) | Deep Research (web),JOSS,1,worthless | fail-possible,ArchABM: Agent-based modeling of ancient societies in R,https://joss.theoj.org/papers/10.21105/joss.01201,LOW (cross-validated),CONFABULATED
ArchAIDE,ArchAIDE,4,ChatGPT Deep Research | Perplexity Deep Research,2,Unknown (Deep Research) | Perplexity Pro,Deep Research (web) | Perplexity (web),Multiple (sample run) | Internet Archaeology | Multiple,3,sample | fail | success | synthetic-prompt,,Closed-source,LOW (cross-validated),VERIFIED
ArchAIDE desktop application,ArchAIDE desktop application,1,ChatGPT Deep Research,1,Unknown (Deep Research),Deep Research (web),Internet Archaeology,1,success,"Developing the ArchAIDE Application: A digital workflow for identifying, organising and sharing archaeological pottery using automated image recognition",https://intarch.ac.uk/journal/issue52/7/index.html,LOW,VERIFIED
ArchAIDE mobile application,ArchAIDE mobile application,1,ChatGPT Deep Research,1,Unknown (Deep Research),Deep Research (web),Internet Archaeology,1,success,"Developing the ArchAIDE Application: A digital workflow for identifying, organising and sharing archaeological pottery using automated image recognition",https://intarch.ac.uk/journal/issue52/7/index.html,LOW,VERIFIED
ArchEd,ArchEd,1,ChatGPT Deep Research,1,Unknown (Deep Research),Deep Research (web),Internet Archaeology,1,success,ArchEd and Stratigraph - Excavation recording and analysis software,https://intarch.ac.uk/journal/issue8/reviews/rains.html,LOW,VERIFIED
ArchaeoPhases,ArchaeoPhases,4,OpenAI o3 | ChatGPT Deep Research,2,o3 | Unknown (Deep Research),Web chat (o3) | Deep Research (web),JOSS,1,worthless | fail-possible | success-secondpass,ArchaeoPhases: Tools for analyzing Bayesian chronological models from archaeology,https://joss.theoj.org/papers/10.21105/joss.01064,LOW (cross-validated),VERIFIED
ArchaeoPhases (Archeofrag: an R package for Refitting and Spatial Analysis in Archaeology),ArchaeoPhases (Archeofrag: an R package for Refitting and Spatial Analysis in Archaeology) (Archeofrag: an R package for Refitting and Spatial Analysis in Archaeology),1,ChatGPT Deep Research,1,Unknown (Deep Research),Deep Research (web),JOSS,1,success-secondpass,Archeofrag: an R package for Refitting and Spatial Analysis in Archaeology (Journal of Open Source Software: Archeofrag: an R package for Refitting and Spatial Analysis in Archaeology),https://joss.theoj.org/papers/10.21105/joss.04335,LOW,VERIFIED
ArchaeoViz,ArchaeoViz (web-based spatial data visualization for archaeology),1,ChatGPT Deep Research,1,Unknown (Deep Research),Deep Research (web),SoftwareX,1,access-fail,ArchaeoViz: A web platform for the visual analysis of archaeological spatial data,https://doi.org/10.1016/j.softx.2021.100658,MEDIUM,VERIFIED
Archaeobotanical Computer Database,Archaeobotanical Computer Database (ABCD),1,ChatGPT Deep Research,1,Unknown (Deep Research),Deep Research (web),Internet Archaeology,1,success,A review of the archaeological evidence for food plants from the British Isles: an example of the use of the Archaeobotanical Computer Database (ABCD),https://intarch.ac.uk/journal/issue1/tomlinson_toc.html,LOW,VERIFIED
Archaeological Information System of the Czech Republic,Archaeological Information System of the Czech Republic (AIS CR),1,ChatGPT Deep Research,1,Unknown (Deep Research),Deep Research (web),Internet Archaeology,1,success,Taming the Beast. Approaches to Digital Archiving in Czech Archaeology,https://intarch.ac.uk/journal/issue58/5/index.html,LOW,VERIFIED
Archaeological Map of Bulgaria,Archaeological Map of Bulgaria (AMB),2,ChatGPT Deep Research,1,Unknown (Deep Research),Deep Research (web),Internet Archaeology,1,success,Current State of Archiving Archaeological Reports in Bulgaria: still more physical than digital,https://intarch.ac.uk/journal/issue58/24/index.html,LOW,VERIFIED
Archaeology Data Service,Archaeology Data Service (ADS),2,ChatGPT Deep Research,1,Unknown (Deep Research),Deep Research (web),Internet Archaeology,1,success,Archiving Archaeological Data in the United Kingdom,https://intarch.ac.uk/journal/issue58/21/index.html,LOW,VERIFIED
Archeofrag,Archeofrag,3,OpenAI o3 | ChatGPT Deep Research,2,o3 | Unknown (Deep Research),Web chat (o3) | Deep Research (web),JOSS,1,worthless | fail-possible | success-secondpass,Archeofrag: an R package for Refitting and Spatial Analysis in Archaeology,https://joss.theoj.org/papers/10.21105/joss.04335,LOW (cross-validated),VERIFIED
Archeologiczne Zdjęcie Polski (AZP) program,Archeologiczne Zdjęcie Polski (AZP) program,1,ChatGPT Deep Research,1,Unknown (Deep Research),Deep Research (web),Internet Archaeology,1,success,Belated Measures - the Reality of Digital Archaeological Archiving in Poland,https://intarch.ac.uk/journal/issue58/12/index.html,LOW,VERIFIED
ArtifactML,ArtifactML (R package),1,ChatGPT Deep Research,1,Unknown (Deep Research),Deep Research (web),JOAD,1,extreme fail,Automated Artifact Classification Using Machine Learning,https://doi.org/10.5334/joad.100,HIGH,CONFABULATED
Askeladden,Askeladden (Norway site registry),1,ChatGPT Deep Research,1,Unknown (Deep Research),Deep Research (web),Internet Archaeology,1,success,Curation of Digital Archaeological Data in Norway,https://intarch.ac.uk/journal/issue58/29/index.html,LOW,VERIFIED
AutoCAD,AutoCAD,2,ChatGPT Deep Research,1,Unknown (Deep Research),Deep Research (web),Internet Archaeology,1,success,The need for the solid modelling of structure in the archaeology of buildings,https://intarch.ac.uk/journal/issue2/daniels/index.html,LOW,MISATTRIBUTED
BADACor database,BADACor database,1,ChatGPT Deep Research,1,Unknown (Deep Research),Deep Research (web),Internet Archaeology,1,success,Towards an Open Digital Ecosystem for Archaeology in South America: The BADACor (Córdoba Archaeological Sites Database) as a case of an open digital archaeological source for heritage management in central Argentina,https://intarch.ac.uk/journal/issue64/16/index.html,LOW,VERIFIED
BCal,BCal,1,ChatGPT Deep Research,1,Unknown (Deep Research),Deep Research (web),Internet Archaeology,1,success,BCal: an on-line Bayesian radiocarbon calibration tool,https://intarch.ac.uk/journal/issue7/buck_index.html,LOW,VERIFIED
BIM platform,BIM platform,1,ChatGPT Deep Research,1,Unknown (Deep Research),Deep Research (web),Internet Archaeology,1,success,"The role of BIM and GIS in HS2 historic environment data management, an overview of HS2 Phase One, UK",https://intarch.ac.uk/journal/issue65/5/index.html,LOW,MISATTRIBUTED
Bchron,Bchron | Bchron (c14bazAAR: An R package for downloading and preparing C14 dates from different source databases),3,ChatGPT Deep Research,1,Unknown (Deep Research),Deep Research (web),JOSS,1,success-secondpass,aion: An R Package to Represent Archaeological Time Series (Journal of Open Source Software: aion: An R Package to Represent Archaeological Time Series),https://joss.theoj.org/papers/10.21105/joss.06210,LOW,VERIFIED
BigArq,BigArq (R script),1,ChatGPT Deep Research,1,Unknown (Deep Research),Deep Research (web),JOAD,1,extreme fail,Leveraging Big Data in Archaeological Research: A Case Study,https://doi.org/10.5334/joad.150,HIGH,CONFABULATED
Blender,Blender,1,ChatGPT Deep Research,1,Unknown (Deep Research),Deep Research (web),Internet Archaeology,1,success,"Appropriate Levels of Detail in 3-D Visualisation: the House of the Surgeon, Pompeii",https://intarch.ac.uk/journal/issue23/murgatroyd_index.html,LOW,MISATTRIBUTED
Burial Space Research Database,Burial Space Research Database,1,ChatGPT Deep Research,1,Unknown (Deep Research),Deep Research (web),Internet Archaeology,1,success,The Burial Space Research Database (Data Paper),https://intarch.ac.uk/journal/issue55/3/index.html,LOW,VERIFIED
Bwigg,Bwigg,3,ChatGPT Deep Research | Perplexity Deep Research,2,Unknown (Deep Research) | Perplexity Pro,Deep Research (web) | Perplexity (web),Multiple (sample run) | Internet Archaeology | Multiple,3,sample | success | synthetic-prompt,,,LOW (cross-validated),VERIFIED
CAinterprTools,CAinterprTools (R package for Correspondence Analysis in archaeology),1,ChatGPT Deep Research,1,Unknown (Deep Research),Deep Research (web),SoftwareX,1,access-fail,CAinterprTools: An R package to help interpreting Correspondence Analysis’ results,https://doi.org/10.1016/j.softx.2015.07.001,MEDIUM,VERIFIED
CeramicNet,CeramicNet (Python script),1,ChatGPT Deep Research,1,Unknown (Deep Research),Deep Research (web),JOAD,1,extreme fail,Open Source Analysis of Ceramic Trade Networks,https://doi.org/10.5334/joad.91,HIGH,CONFABULATED
ChronCluster,ChronCluster,2,OpenAI o3 | ChatGPT Deep Research,2,o3 | Unknown (Deep Research),Web chat (o3) | Deep Research (web),JOSS,1,worthless | fail-possible,ChronCluster: Automatic cluster-based Bayesian chronology building in R,https://joss.theoj.org/papers/10.21105/joss.01194,LOW (cross-validated),CONFABULATED
ChronoModelr,ChronoModelr,2,OpenAI o3 | ChatGPT Deep Research,2,o3 | Unknown (Deep Research),Web chat (o3) | Deep Research (web),JOSS,1,worthless | fail-possible,ChronoModelr: A wrapper for ChronoModel Bayesian Archaeological Dating software,https://joss.theoj.org/papers/10.21105/joss.01095,LOW (cross-validated),CONFABULATED
ClimBayes,ClimBayes,1,ChatGPT Deep Research,1,Unknown (Deep Research),Deep Research (web),JOSS,1,fail-possible,"ClimBayes: Bayesian Hierarchical Modeling of Paleo-Climate time series in R,""N/A","Vol. 5, Iss. 45",MEDIUM,VERIFIED
Climate Vulnerability Index,Climate Vulnerability Index (CVI),1,ChatGPT Deep Research,1,Unknown (Deep Research),Deep Research (web),Internet Archaeology,1,success,Developing Climate Risk Assessments for World Heritage: the Climate Vulnerability Index,https://intarch.ac.uk/journal/issue60/3/index.html,LOW,VERIFIED
Cloud2FEM (finite-element mesh generator for heritage building point clouds&#8203,Cloud2FEM (finite-element mesh generator for heritage building point clouds&#8203,1,ChatGPT Deep Research,1,Unknown (Deep Research),Deep Research (web),SoftwareX,1,access-fail,Cloud2FEM: A finite element mesh generator based on point clouds of existing/historical structures,https://doi.org/10.1016/j.softx.2022.101099,MEDIUM,VERIFIED
CulSim,CulSim (agent-based simulation of cultural dynamics for anthropology),1,ChatGPT Deep Research,1,Unknown (Deep Research),Deep Research (web),SoftwareX,1,access-fail,CulSim: A simulator of emergence and resilience of cultural diversity,https://doi.org/10.1016/j.softx.2016.07.005,MEDIUM,VERIFIED
DB-HERITAGE platform,DB-HERITAGE platform,1,ChatGPT Deep Research,1,Unknown (Deep Research),Deep Research (web),Internet Archaeology,1,success,DB-HERITAGE Building Materials Data Aggregation in ARIADNE - challenges and opportunities,https://intarch.ac.uk/journal/issue64/5/index.html,LOW,VERIFIED
DataArq,DataArq (software tool),1,ChatGPT Deep Research,1,Unknown (Deep Research),Deep Research (web),JOAD,1,extreme fail,An Open Platform for Archaeological Data Integration,https://doi.org/10.5334/joad.121,HIGH,CONFABULATED
DataMiner,DataMiner (Python tool),1,ChatGPT Deep Research,1,Unknown (Deep Research),Deep Research (web),JOAD,1,extreme fail,Leveraging Big Data in Archaeological Research: A Case Study,https://doi.org/10.5334/joad.150,HIGH,CONFABULATED
DataScribe,DataScribe,1,ChatGPT Deep Research,1,Unknown (Deep Research),Deep Research (web),JOSS,1,success-secondpass,DataScribe: An Omeka S module for structured data transcription (Journal of Open Source Software: DataScribe: An Omeka S module for structured data transcription),https://joss.theoj.org/papers/10.21105/joss.05661,LOW,VERIFIED
DeepClass,DeepClass (Python tool),1,ChatGPT Deep Research,1,Unknown (Deep Research),Deep Research (web),JOAD,1,extreme fail,Automated Artifact Classification Using Machine Learning,https://doi.org/10.5334/joad.100,HIGH,CONFABULATED
Depthmap,Depthmap,1,ChatGPT Deep Research,1,Unknown (Deep Research),Deep Research (web),Internet Archaeology,1,success,Analysing Medieval Urban Space; a methodology,https://intarch.ac.uk/journal/issue21/craane_index.html,LOW,VERIFIED
DepthmapX,DepthmapX (space syntax analysis software),1,OpenAI o3,1,o3,Web chat (o3),JCAA,1,standard,Architecture Reality and Perception: The Multicultural Nature of Egyptian Domestic Architecture in the Roman Period,https://doi.org/10.5334/jcaa.95,LOW,VERIFIED
Distant Viewing Toolkit,Distant Viewing Toolkit | Distant Viewing Toolkit (MapReader: Open software for the visual analysis of maps),2,ChatGPT Deep Research,1,Unknown (Deep Research),Deep Research (web),JOSS,1,success-secondpass,Distant Viewing Toolkit: A Python Package for the Analysis of Visual Culture (Journal of Open Source Software: Distant Viewing Toolkit: A Python Package for the Analysis of Visual Culture),https://joss.theoj.org/papers/10.21105/joss.01800,LOW,VERIFIED
ESRI ArcGIS,ESRI ArcGIS,1,ChatGPT Deep Research,1,Unknown (Deep Research),Deep Research (web),Internet Archaeology,1,success,"Characterising the Welsh Roundhouse: chronology, inhabitation and landscape",https://intarch.ac.uk/journal/issue23/1/index.html,LOW,MISATTRIBUTED
Endovélico information system,Endovélico information system,1,ChatGPT Deep Research,1,Unknown (Deep Research),Deep Research (web),Internet Archaeology,1,success,Digital Archaeology Archives in Portugal,https://intarch.ac.uk/journal/issue58/13/index.html,LOW,VERIFIED
Excel 2003,Excel 2003,1,ChatGPT Deep Research,1,Unknown (Deep Research),Deep Research (web),Internet Archaeology,1,success,"Planning Uncertainty: Creating an Artefact Density Index for North Yorkshire, England",https://intarch.ac.uk/journal/issue21/boldrini_index.html,LOW,MISATTRIBUTED
ExeGesIS,ExeGesIS (HER data system),1,ChatGPT Deep Research,1,Unknown (Deep Research),Deep Research (web),Internet Archaeology,1,success,Categorising the Past: lessons from the archaeological resource assessment for Yorkshire,https://intarch.ac.uk/journal/issue23/roskams_index.html,LOW,VERIFIED
FAIMS,FAIMS,1,ChatGPT Deep Research,1,Unknown (Deep Research),Deep Research (web),Multiple (sample run),1,sample,,https://github.com/FAIMS,LOW,VERIFIED
FAIMS Mobile,FAIMS Mobile (Android field data capture platform for archaeology),1,ChatGPT Deep Research,1,Unknown (Deep Research),Deep Research (web),SoftwareX,1,access-fail,"FAIMS Mobile: Flexible, open-source software for field research",https://doi.org/10.1016/j.softx.2017.12.006,MEDIUM,VERIFIED
FQC,FQC,2,OpenAI o3 | ChatGPT Deep Research,2,o3 | Unknown (Deep Research),Web chat (o3) | Deep Research (web),JOSS,1,worthless | fail-possible,FQC: FarmQuests for historical crop modeling in Python,https://joss.theoj.org/papers/10.21105/joss.01102,LOW (cross-validated),CONFABULATED
FaceNet,FaceNet,1,ChatGPT Deep Research,1,Unknown (Deep Research),Deep Research (web),JOSS,1,success-secondpass,Distant Viewing Toolkit: A Python Package for the Analysis of Visual Culture (Journal of Open Source Software: Distant Viewing Toolkit: A Python Package for the Analysis of Visual Culture),https://joss.theoj.org/papers/10.21105/joss.01800,LOW,MISATTRIBUTED
Faceted Query Engine,Faceted Query Engine,1,ChatGPT Deep Research,1,Unknown (Deep Research),Deep Research (web),Internet Archaeology,1,success,A Faceted Query Engine Applied to Archaeology,https://intarch.ac.uk/journal/issue21/stoyanovich_index.html,LOW,VERIFIED
FieldStream,FieldStream (data processing tool),1,ChatGPT Deep Research,1,Unknown (Deep Research),Deep Research (web),JOAD,1,extreme fail,Enhancing Archaeological Fieldwork with Real-time Data Processing,https://doi.org/10.5334/joad.140,HIGH,CONFABULATED
FieldWorker Advanced 2.3.5,FieldWorker Advanced 2.3.5,1,ChatGPT Deep Research,1,Unknown (Deep Research),Deep Research (web),Internet Archaeology,1,success,FieldWorker Advanced 2.3.5 and FieldWorker Pro 0.91 GPS software,https://intarch.ac.uk/journal/issue3/ryan.html,LOW,VERIFIED
FieldWorker Pro 0.91,FieldWorker Pro 0.91,1,ChatGPT Deep Research,1,Unknown (Deep Research),Deep Research (web),Internet Archaeology,1,success,FieldWorker Advanced 2.3.5 and FieldWorker Pro 0.91 GPS software,https://intarch.ac.uk/journal/issue3/ryan.html,LOW,VERIFIED
FilmColors,FilmColors (Distant Viewing Toolkit: A Python Package for the Analysis of Visual Culture),1,ChatGPT Deep Research,1,Unknown (Deep Research),Deep Research (web),JOSS,1,success-secondpass,Distant Viewing Toolkit: A Python Package for the Analysis of Visual Culture (Journal of Open Source Software: Distant Viewing Toolkit: A Python Package for the Analysis of Visual Culture),https://joss.theoj.org/papers/10.21105/joss.01800,LOW,VERIFIED
Fountain,Fountain,1,ChatGPT Deep Research,1,Unknown (Deep Research),Deep Research (web),Internet Archaeology,1,success,Sensuous and reflexive GIS: exploring visualisation and VRML,https://intarch.ac.uk/journal/issue1/gillings_toc.html,LOW,VERIFIED
GIS,GIS,3,ChatGPT Deep Research,1,Unknown (Deep Research),Deep Research (web),Internet Archaeology,1,fail | success,Reconstructing Rebellion: Digital Terrain Analysis of the Battle of Dussindale (1549),https://intarch.ac.uk/journal/issue38/hodgkins_toc.html,MEDIUM,MISATTRIBUTED
GNU R,GNU R,1,ChatGPT Deep Research,1,Unknown (Deep Research),Deep Research (web),Internet Archaeology,1,success,Diet in Mesolithic Europe: New evidence from dental microwear,https://intarch.ac.uk/journal/issue22/mclaughlin_index.html,LOW,MISATTRIBUTED
GRASS GIS,GRASS GIS,1,ChatGPT Deep Research,1,Unknown (Deep Research),Deep Research (web),Internet Archaeology,1,success,Listening to the Landscapes: Modelling Soundscapes in GIS,https://intarch.ac.uk/journal/issue16/mlekuz_index.html,LOW,MISATTRIBUTED
GeoViz,GeoViz (web application),1,ChatGPT Deep Research,1,Unknown (Deep Research),Deep Research (web),JOAD,1,extreme fail,Geoarchaeological Data from the Mediterranean: A Digital Approach,https://doi.org/10.5334/joad.90,HIGH,CONFABULATED
Gephi,Gephi,5,ChatGPT Deep Research | Perplexity Deep Research,2,Unknown (Deep Research) | Perplexity Pro,Deep Research (web) | Perplexity (web),Multiple (sample run) | Internet Archaeology | Multiple,3,sample | fail | success | synthetic-prompt,,https://github.com/gephi/gephi,LOW (cross-validated),VERIFIED
Getty AAT vocabulary,Getty AAT vocabulary,1,ChatGPT Deep Research,1,Unknown (Deep Research),Deep Research (web),Internet Archaeology,1,success,Aggregating Coin Find Data to the ARIADNE Portal. Challenges of using the Getty AAT for a specialist domain,https://intarch.ac.uk/journal/issue64/6/index.html,LOW,MISATTRIBUTED
GitHub,GitHub (code collaboration platform),1,ChatGPT Deep Research,1,Unknown (Deep Research),Deep Research (web),Internet Archaeology,1,success,"Open Archaeology, Open Source? Collaborative practices in an emerging community of archaeological software engineers",https://intarch.ac.uk/journal/issue67/13/index.html,LOW,MISATTRIBUTED
Google Earth,Google Earth,2,ChatGPT Deep Research,1,Unknown (Deep Research),Deep Research (web),Internet Archaeology,1,fail | success,Google Under-the-Earth: Seeing Beneath Stonehenge using Google Earth - a Tool for Public Engagement and the Dissemination of Archaeological Data,https://intarch.ac.uk/journal/issue40/welham_toc.html,MEDIUM,MISATTRIBUTED
Google Earth Engine,Google Earth Engine (cloud-based geospatial analysis platform),1,OpenAI o3,1,o3,Web chat (o3),JCAA,1,standard,Detecting Looting Activity through Earth Observation Multi-Temporal Analysis over the Archaeological Site of Apamea (Syria) during 2011–2012,https://doi.org/10.5334/jcaa.56,LOW,MISATTRIBUTED
Grid Machine 6.53,Grid Machine 6.53,1,ChatGPT Deep Research,1,Unknown (Deep Research),Deep Research (web),Internet Archaeology,1,success,"Planning Uncertainty: Creating an Artefact Density Index for North Yorkshire, England",https://intarch.ac.uk/journal/issue21/boldrini_index.html,LOW,VERIFIED
HBSMR (ExeGesIS) v3.06,HBSMR (ExeGesIS) v3.06,1,ChatGPT Deep Research,1,Unknown (Deep Research),Deep Research (web),Internet Archaeology,1,success,"Planning Uncertainty: Creating an Artefact Density Index for North Yorkshire, England",https://intarch.ac.uk/journal/issue21/boldrini_index.html,LOW,VERIFIED
HEIRPORT,HEIRPORT,1,ChatGPT Deep Research,1,Unknown (Deep Research),Deep Research (web),Internet Archaeology,1,success,Getting it together on-line: HEIRNET and Internet-based resource discovery tools for the Historic Environment,https://intarch.ac.uk/journal/issue13/fernie_index.html,LOW,VERIFIED
Heurist,Heurist,2,ChatGPT Deep Research | Perplexity Deep Research,2,Unknown (Deep Research) | Perplexity Pro,Deep Research (web) | Perplexity (web),Multiple (sample run) | Multiple,2,sample | synthetic-prompt,,https://code.google.com/p/heurist/,LOW (cross-validated),VERIFIED
Hungarian Archaeology Database,Hungarian Archaeology Database,1,ChatGPT Deep Research,1,Unknown (Deep Research),Deep Research (web),Internet Archaeology,1,success,The Hungarian Archaeology Database,https://intarch.ac.uk/journal/issue58/9/index.html,LOW,VERIFIED
Hyperspectral Image Analysis Toolbox,"Hyperspectral Image Analysis Toolbox (used for historic document analysis, but archaeological applications unclear)",1,ChatGPT Deep Research,1,Unknown (Deep Research),Deep Research (web),SoftwareX,1,access-fail,Hyperspectral Image Analysis Toolbox for Cultural Heritage Applications,https://doi.org/10.1016/j.softx.2020.100610,MEDIUM,CONFABULATED
Image2DEM (image-based 3D model builder for historic masonry structures&#8203,Image2DEM (image-based 3D model builder for historic masonry structures&#8203,1,ChatGPT Deep Research,1,Unknown (Deep Research),Deep Research (web),SoftwareX,1,access-fail,Image2DEM: A geometrical digital twin generator for the detailed structural analysis of existing masonry infrastructure stock,https://doi.org/10.1016/j.softx.2023.101323,MEDIUM,VERIFIED
ImageQuant,ImageQuant (software),1,ChatGPT Deep Research,1,Unknown (Deep Research),Deep Research (web),JOAD,1,extreme fail,Digital Imaging Techniques in Artifact Analysis,https://doi.org/10.5334/joad.141,HIGH,CONFABULATED
ImgAug,ImgAug (image augmentation toolkit),1,OpenAI o3,1,o3,Web chat (o3),JCAA,1,standard,Combined Detection and Segmentation of Archeological Structures from LiDAR Data Using a Deep Learning Approach,https://doi.org/10.5334/jcaa.64,LOW,MISATTRIBUTED
Inception,Inception (image recognition model),1,OpenAI o3,1,o3,Web chat (o3),JCAA,1,standard,Fleshing Out the Bones: Studying the Human Remains Trade with Tensorflow and Inception,https://doi.org/10.5334/jcaa.8,LOW,VERIFIED
Integrated Archaeological Database,Integrated Archaeological Database (IADB),1,ChatGPT Deep Research,1,Unknown (Deep Research),Deep Research (web),Internet Archaeology,1,success,Silchester Roman Town Insula IX: The Development of an Urban Property c. AD 40-50 – c. AD 250,https://intarch.ac.uk/journal/issue21/silchester_index.html,LOW,VERIFIED
Internet Explorer 3,Internet Explorer 3,1,ChatGPT Deep Research,1,Unknown (Deep Research),Deep Research (web),Internet Archaeology,1,success,"Archaeological Applications of GIS - CD-ROM Proceedings of Colloquium II, UISPP XIIIth Congress, Forli, Italy",https://intarch.ac.uk/journal/issue5/reviews/wheatley.html,LOW,MISATTRIBUTED
Intrasis,Intrasis,2,ChatGPT Deep Research,1,Unknown (Deep Research),Deep Research (web),Internet Archaeology,1,fail | success,"Digitising the Archaeological Process at the Swedish National Heritage Board: producing, managing and sharing archaeological information",https://intarch.ac.uk/journal/issue43/larsson_toc.html,MEDIUM,VERIFIED
Jupyter Notebook,Jupyter Notebook,1,ChatGPT Deep Research,1,Unknown (Deep Research),Deep Research (web),Internet Archaeology,1,success,What the Machine Saw: some questions on the ethics of computer vision and machine learning to investigate human remains trafficking,https://intarch.ac.uk/journal/issue52/5/index.html,LOW,MISATTRIBUTED
KLRfome,KLRfome (KLRfome - Kernel Logistic Regression on Focal Mean Embeddings),1,ChatGPT Deep Research,1,Unknown (Deep Research),Deep Research (web),JOSS,1,success-secondpass,KLRfome - Kernel Logistic Regression on Focal Mean Embeddings (Journal of Open Source Software: KLRfome - Kernel Logistic Regression on Focal Mean Embeddings),https://joss.theoj.org/papers/10.21105/joss.00722,LOW,VERIFIED
"KLRfome – Kernel Logistic Regression on Focal Mean Embeddings,""N/A","KLRfome – Kernel Logistic Regression on Focal Mean Embeddings,""N/A",1,ChatGPT Deep Research,1,Unknown (Deep Research),Deep Research (web),JOSS,1,fail-possible,"KLRfome – Kernel Logistic Regression on Focal Mean Embeddings,""N/A","Vol. 4, Iss. 35",MEDIUM,VERIFIED
Keras,Keras (open-source neural network library),1,OpenAI o3,1,o3,Web chat (o3),JCAA,1,standard,Learning to Look at LiDAR: The Use of R-CNN in the Automated Detection of Archaeological Objects in LiDAR Data from the Netherlands,https://doi.org/10.5334/jcaa.32,LOW,VERIFIED
Land Survey System,Land Survey System,1,ChatGPT Deep Research,1,Unknown (Deep Research),Deep Research (web),Internet Archaeology,1,success,Sensuous and reflexive GIS: exploring visualisation and VRML,https://intarch.ac.uk/journal/issue1/gillings_toc.html,LOW,VERIFIED
LandML,LandML (GIS plugin),1,ChatGPT Deep Research,1,Unknown (Deep Research),Deep Research (web),JOAD,1,extreme fail,Integrating GIS and Machine Learning for Landscape Archaeology,https://doi.org/10.5334/joad.120,HIGH,CONFABULATED
LifeForms,LifeForms,1,ChatGPT Deep Research,1,Unknown (Deep Research),Deep Research (web),Internet Archaeology,1,success,"Sculpture, Dance and Heritage: animating dance sequences from temple reliefs using movement modelling software",https://intarch.ac.uk/journal/issue10/iyer_toc.html,LOW,VERIFIED
Luminescence,Luminescence,1,ChatGPT Deep Research,1,Unknown (Deep Research),Deep Research (web),JOSS,1,success-secondpass,aion: An R Package to Represent Archaeological Time Series (Journal of Open Source Software: aion: An R Package to Represent Archaeological Time Series),https://joss.theoj.org/papers/10.21105/joss.06210,LOW,VERIFIED
MASA consortium,MASA consortium,1,ChatGPT Deep Research,1,Unknown (Deep Research),Deep Research (web),Internet Archaeology,1,success,Digital Archiving and Data Stewardship in French Archaeology,https://intarch.ac.uk/journal/issue58/26/index.html,LOW,VERIFIED
MATLAB,MATLAB,1,ChatGPT Deep Research,1,Unknown (Deep Research),Deep Research (web),Internet Archaeology,1,success,The archaeological use of Kernel Density Estimates,https://intarch.ac.uk/journal/issue1/beardah_toc.html,LOW,MISATTRIBUTED
MICA,"MICA (curve alignment software, used in dendrochronology for historical wood analysis)",1,ChatGPT Deep Research,1,Unknown (Deep Research),Deep Research (web),SoftwareX,1,access-fail,MICA: Multiple interval-based curve alignment,https://doi.org/10.1016/j.softx.2018.02.003,MEDIUM,VERIFIED
MODES,MODES (museum database),1,ChatGPT Deep Research,1,Unknown (Deep Research),Deep Research (web),Internet Archaeology,1,success,Categorising the Past: lessons from the archaeological resource assessment for Yorkshire,https://intarch.ac.uk/journal/issue23/roskams_index.html,LOW,VERIFIED
MapCrowd,MapCrowd (mobile app),1,ChatGPT Deep Research,1,Unknown (Deep Research),Deep Research (web),JOAD,1,extreme fail,Crowdsourcing Archaeological Site Mapping Using Mobile Apps,https://doi.org/10.5334/joad.130,HIGH,CONFABULATED
MapReader,MapReader,1,ChatGPT Deep Research,1,Unknown (Deep Research),Deep Research (web),JOSS,1,success-secondpass,MapReader: Open software for the visual analysis of maps (Journal of Open Source Software: MapReader: Open software for the visual analysis of maps),https://joss.theoj.org/papers/10.21105/joss.06434,LOW,VERIFIED
Mask R-CNN,Mask R-CNN (deep learning framework for object detection) | Mask R-CNN (deep learning model for segmentation) | Mask R-CNN,3,OpenAI o3 | OpenAI Operator,2,o3 | Operator,Web chat (o3) | Operator (browser agent),JCAA | JOAD,2,standard,Learning to Look at LiDAR: The Use of R-CNN in the Automated Detection of Archaeological Objects in LiDAR Data from the Netherlands,https://doi.org/10.5334/jcaa.32,LOW (cross-validated),VERIFIED
Matrix Manager,Matrix Manager,1,ChatGPT Deep Research,1,Unknown (Deep Research),Deep Research (web),Internet Archaeology,1,success,DigIT: Archaeological Summary Report and Experiments in Digital Recording in the Field,https://intarch.ac.uk/journal/issue27/powlesland_index.html,LOW,VERIFIED
MicroPasts,MicroPasts,2,OpenAI o3 | ChatGPT Deep Research,2,o3 | Unknown (Deep Research),Web chat (o3) | Deep Research (web),JOSS,1,worthless | fail-possible,MicroPasts: Crowd-sourcing and crowd-funding in archaeology platform code,https://joss.theoj.org/papers/10.21105/joss.01022,LOW (cross-validated),VERIFIED
MicroStation,MicroStation,1,ChatGPT Deep Research,1,Unknown (Deep Research),Deep Research (web),Internet Archaeology,1,success,The need for the solid modelling of structure in the archaeology of buildings,https://intarch.ac.uk/journal/issue2/daniels/index.html,LOW,VERIFIED
Microsoft Access,Microsoft Access,1,ChatGPT Deep Research,1,Unknown (Deep Research),Deep Research (web),Internet Archaeology,1,success,"Characterising the Welsh Roundhouse: chronology, inhabitation and landscape",https://intarch.ac.uk/journal/issue23/1/index.html,LOW,MISATTRIBUTED
Microsoft Access 2003,Microsoft Access 2003,1,ChatGPT Deep Research,1,Unknown (Deep Research),Deep Research (web),Internet Archaeology,1,success,"Planning Uncertainty: Creating an Artefact Density Index for North Yorkshire, England",https://intarch.ac.uk/journal/issue21/boldrini_index.html,LOW,MISATTRIBUTED
Microsoft HoloLens,Microsoft HoloLens,2,ChatGPT Deep Research,1,Unknown (Deep Research),Deep Research (web),Internet Archaeology,1,fail | success,The Embodied GIS. Using Mixed Reality to explore multi-sensory archaeological landscapes,https://intarch.ac.uk/journal/issue44/eve_toc.html,MEDIUM,MISATTRIBUTED
Microware,Microware,1,ChatGPT Deep Research,1,Unknown (Deep Research),Deep Research (web),Internet Archaeology,1,success,Diet in Mesolithic Europe: New evidence from dental microwear,https://intarch.ac.uk/journal/issue22/mclaughlin_index.html,LOW,VERIFIED
Minitab,Minitab,1,ChatGPT Deep Research,1,Unknown (Deep Research),Deep Research (web),Internet Archaeology,1,success,"Consumption, deposition and social practice: a ceramic approach to intra-site analysis in late Iron Age to Roman Britain",https://intarch.ac.uk/journal/issue21/pitts_index.html,LOW,MISATTRIBUTED
Mortuary Data Application Profile,Mortuary Data Application Profile,1,ChatGPT Deep Research,1,Unknown (Deep Research),Deep Research (web),Internet Archaeology,1,success,Integrating Data on Early Medieval Graves: Mapping the THANADOS database to the ARIADNE infrastructure with the Mortuary Data Application Profile,https://intarch.ac.uk/journal/issue64/11/index.html,LOW,VERIFIED
Netscape 4,Netscape 4,1,ChatGPT Deep Research,1,Unknown (Deep Research),Deep Research (web),Internet Archaeology,1,success,"Archaeological Applications of GIS - CD-ROM Proceedings of Colloquium II, UISPP XIIIth Congress, Forli, Italy",https://intarch.ac.uk/journal/issue5/reviews/wheatley.html,LOW,MISATTRIBUTED
OASIS,OASIS,2,ChatGPT Deep Research,1,Unknown (Deep Research),Deep Research (web),Internet Archaeology,1,success,Archiving Archaeological Data in the United Kingdom,https://intarch.ac.uk/journal/issue58/21/index.html,LOW,VERIFIED
Open Context,Open Context,2,ChatGPT Deep Research,1,Unknown (Deep Research),Deep Research (web),Internet Archaeology,1,success,A Faceted Query Engine Applied to Archaeology,https://intarch.ac.uk/journal/issue21/stoyanovich_index.html,LOW,VERIFIED
Open-archeo,Open-archeo,1,OpenAI Operator,1,Operator,Operator (browser agent),JOAD,1,standard,Open-archeo: A Resource for Documenting Archaeological Software,,LOW,VERIFIED
OpenEthnology,OpenEthnology,2,OpenAI o3 | ChatGPT Deep Research,2,o3 | Unknown (Deep Research),Web chat (o3) | Deep Research (web),JOSS,1,worthless | fail-possible,OpenEthnology: Collaborative database and tools for ethnographic data,https://joss.theoj.org/papers/10.21105/joss.01056,LOW (cross-validated),CONFABULATED
OxCal,OxCal | OxCal (shoredate: An R package for shoreline dating coastal Stone Age sites),2,ChatGPT Deep Research,1,Unknown (Deep Research),Deep Research (web),JOSS,1,success-secondpass,"fellingdater: a toolkit to estimate, report and combine felling dates derived from historical tree-ring series. (Journal of Open Source Software: fellingdater: a toolkit to estimate, report and combine felling dates derived from historical tree-ring series)",https://joss.theoj.org/papers/10.21105/joss.06716,LOW,VERIFIED
Paint Shop Pro,Paint Shop Pro,1,ChatGPT Deep Research,1,Unknown (Deep Research),Deep Research (web),Internet Archaeology,1,success,Sensuous and reflexive GIS: exploring visualisation and VRML,https://intarch.ac.uk/journal/issue1/gillings_toc.html,LOW,MISATTRIBUTED
Perseus 2.0,Perseus 2.0,1,ChatGPT Deep Research,1,Unknown (Deep Research),Deep Research (web),Internet Archaeology,1,success,Perseus 2.0: Sources and Studies on Ancient Greek Culture CD-ROM,https://intarch.ac.uk/journal/issue3/eiteljorg.html,LOW,VERIFIED
Photomodeller,Photomodeller,1,ChatGPT Deep Research,1,Unknown (Deep Research),Deep Research (web),Internet Archaeology,1,success,Sensuous and reflexive GIS: exploring visualisation and VRML,https://intarch.ac.uk/journal/issue1/gillings_toc.html,LOW,VERIFIED
Pioneer,Pioneer,1,ChatGPT Deep Research,1,Unknown (Deep Research),Deep Research (web),Internet Archaeology,1,success,Sensuous and reflexive GIS: exploring visualisation and VRML,https://intarch.ac.uk/journal/issue1/gillings_toc.html,LOW,VERIFIED
Pioneer Pro,Pioneer Pro,1,ChatGPT Deep Research,1,Unknown (Deep Research),Deep Research (web),Internet Archaeology,1,success,Sensuous and reflexive GIS: exploring visualisation and VRML,https://intarch.ac.uk/journal/issue1/gillings_toc.html,LOW,VERIFIED
PixPlot,PixPlot,1,ChatGPT Deep Research,1,Unknown (Deep Research),Deep Research (web),JOSS,1,success-secondpass,Distant Viewing Toolkit: A Python Package for the Analysis of Visual Culture (Journal of Open Source Software: Distant Viewing Toolkit: A Python Package for the Analysis of Visual Culture),https://joss.theoj.org/papers/10.21105/joss.01800,LOW,VERIFIED
Polynomial Texture Mapping,Polynomial Texture Mapping (PTM),2,ChatGPT Deep Research,1,Unknown (Deep Research),Deep Research (web),Internet Archaeology,1,fail | success,"A New Record of Pre-Columbian Engravings in Urubici (SC), Brazil using Polynomial Texture Mapping",https://intarch.ac.uk/journal/issue38/riris_toc.html,MEDIUM,VERIFIED
Portable Antiquities Scheme (PAS) database,Portable Antiquities Scheme (PAS) database,1,ChatGPT Deep Research,1,Unknown (Deep Research),Deep Research (web),Internet Archaeology,1,success,"The Portable Antiquities Scheme and the potential of non-metallic finds: A Viking Comb from Shotley, Suffolk",https://intarch.ac.uk/journal/issue61/11/index.html,LOW,VERIFIED
PowerPoint,PowerPoint,1,ChatGPT Deep Research,1,Unknown (Deep Research),Deep Research (web),Internet Archaeology,1,success,"Archaeological Applications of GIS - CD-ROM Proceedings of Colloquium II, UISPP XIIIth Congress, Forli, Italy",https://intarch.ac.uk/journal/issue5/reviews/wheatley.html,LOW,MISATTRIBUTED
PyCoCu,PyCoCu,1,ChatGPT Deep Research,1,Unknown (Deep Research),Deep Research (web),JOSS,1,success-secondpass,"archeoViz: an R package for the Visualisation, Exploration, and Web Communication of Archaeological Spatial Data (Journal of Open Source Software: archeoViz: an R package for the Visualisation, Exploration, and Web Communication of Archaeological Spatial Data)",https://joss.theoj.org/papers/10.21105/joss.05811,LOW,CONFABULATED
PyLithics,PyLithics | PyLithics (Journal of Open Source Software: PyLithics: A Python package for stone tool analysis),3,OpenAI o3 | ChatGPT Deep Research,2,o3 | Unknown (Deep Research),Web chat (o3) | Deep Research (web),JOSS,1,worthless | fail-possible | success-secondpass,PyLithics: A Python package for lithic artifact analysis in archaeology,https://joss.theoj.org/papers/10.21105/joss.01075,LOW (cross-validated),VERIFIED
QGIS,QGIS (open-source GIS software),1,OpenAI o3,1,o3,Web chat (o3),JCAA,1,standard,Geographic Information Systems in Archaeology: A Systematic Review,https://doi.org/10.5334/jcaa.104,LOW,MISATTRIBUTED
QTVR,QTVR,1,ChatGPT Deep Research,1,Unknown (Deep Research),Deep Research (web),Internet Archaeology,1,success,A Simple Technique For Visualising Three Dimensional Models in Landscape Contexts,https://intarch.ac.uk/journal/issue10/jeffrey_index.html,LOW,MISATTRIBUTED
QuickTime VR,QuickTime VR,1,ChatGPT Deep Research,1,Unknown (Deep Research),Deep Research (web),Internet Archaeology,1,success,"Debriefing the Land: The Use of Non-immersive Virtual Reality Technologies to Record, Navigate and Analyse Artefact-rich Landscapes",https://intarch.ac.uk/journal/issue8/larkman_toc.html,LOW,MISATTRIBUTED
R,R (apcluster package for clustering analysis) | R (statistical programming language for data analysis),2,OpenAI o3,1,o3,Web chat (o3),JCAA,1,standard,A Comparison of Châtelperronian and Protoaurignacian Core Technology Using Data Derived from 3D Models,https://doi.org/10.5334/jcaa.17,LOW,MISATTRIBUTED
RACER,RACER,2,OpenAI o3 | ChatGPT Deep Research,2,o3 | Unknown (Deep Research),Web chat (o3) | Deep Research (web),JOSS,1,worthless | fail-possible,RACER: Radiocarbon Analysis Calibration and Estimation in R,https://joss.theoj.org/papers/10.21105/joss.01082,LOW (cross-validated),CONFABULATED
RChrono,RChrono,2,OpenAI o3 | ChatGPT Deep Research,2,o3 | Unknown (Deep Research),Web chat (o3) | Deep Research (web),JOSS,1,worthless | fail-possible,RChrono: Radiocarbon and Chronology Tools in R,https://joss.theoj.org/papers/10.21105/joss.01190,LOW (cross-validated),CONFABULATED
ROCEEH Out-of-Africa Database,ROCEEH Out-of-Africa Database (ROAD),1,ChatGPT Deep Research,1,Unknown (Deep Research),Deep Research (web),Internet Archaeology,1,success,The Aggregation of ROAD Data in the ARIADNE Pipeline: pitfalls and successes,https://intarch.ac.uk/journal/issue64/9/index.html,LOW,VERIFIED
Reconstructo,Reconstructo (web application),1,ChatGPT Deep Research,1,Unknown (Deep Research),Deep Research (web),JOAD,1,extreme fail,Digital Reconstruction of Ancient Settlements,https://doi.org/10.5334/joad.101,HIGH,CONFABULATED
Reflectance Transformation Imaging,Reflectance Transformation Imaging (RTI),4,ChatGPT Deep Research,1,Unknown (Deep Research),Deep Research (web),Internet Archaeology,1,fail | success,The Strange Case of Dame Mary May's tomb: The performative value of Reflectance Transformation Imaging and its use in deciphering the visual and biographical evidence of a late 17th-century portrait effigy,https://intarch.ac.uk/journal/issue44/jones-smith_toc.html,MEDIUM,MISATTRIBUTED
Rhino for AutoCAD,Rhino for AutoCAD,1,ChatGPT Deep Research,1,Unknown (Deep Research),Deep Research (web),Internet Archaeology,1,success,The need for the solid modelling of structure in the archaeology of buildings,https://intarch.ac.uk/journal/issue2/daniels/index.html,LOW,VERIFIED
Roman Inscriptions of Britain (RIB) database,Roman Inscriptions of Britain (RIB) database,1,ChatGPT Deep Research,1,Unknown (Deep Research),Deep Research (web),Internet Archaeology,1,success,"The Agency of Civilians, Women, and Britons in the Public Votive Epigraphy of Roman Britain",https://intarch.ac.uk/journal/issue67/17/index.html,LOW,VERIFIED
SAGAscape,SAGAscape,3,ChatGPT Deep Research | OpenAI o3 | Perplexity Deep Research,3,Unknown (Deep Research) | o3 | Perplexity Pro,Deep Research (web) | Web chat (o3) | Perplexity (web),Multiple (sample run) | JCAA | Multiple,3,sample | standard | synthetic-prompt,,,LOW (cross-validated),VERIFIED
SASSA,SASSA (web-based system),1,ChatGPT Deep Research,1,Unknown (Deep Research),Deep Research (web),Internet Archaeology,1,success,Developing SASSA: a Soil Analysis Support System for Archaeologists,https://intarch.ac.uk/journal/issue25/wilson_index.html,LOW,VERIFIED
SEAHORS,"SEAHORS (archeoViz: an R package for the Visualisation, Exploration, and Web Communication of Archaeological Spatial Data)",1,ChatGPT Deep Research,1,Unknown (Deep Research),Deep Research (web),JOSS,1,success-secondpass,"archeoViz: an R package for the Visualisation, Exploration, and Web Communication of Archaeological Spatial Data (Journal of Open Source Software: archeoViz: an R package for the Visualisation, Exploration, and Web Communication of Archaeological Spatial Data)",https://joss.theoj.org/papers/10.21105/joss.05811,LOW,VERIFIED
SIGEC,SIGEC (Italian national heritage information system),1,ChatGPT Deep Research,1,Unknown (Deep Research),Deep Research (web),Internet Archaeology,1,success,Policy and Practice for Digital Archaeological Archiving in Italy,https://intarch.ac.uk/journal/issue58/27/index.html,LOW,VERIFIED
SORAN,SORAN (Japanese archaeological data system),1,ChatGPT Deep Research,1,Unknown (Deep Research),Deep Research (web),Internet Archaeology,1,success,Following the Thread: Integrating SORAN's Japanese Dataset into ARIADNE,https://intarch.ac.uk/journal/issue64/15/index.html,LOW,VERIFIED
STAR,STAR,1,ChatGPT Deep Research,1,Unknown (Deep Research),Deep Research (web),Internet Archaeology,1,success,Connecting Archaeological Data and Grey Literature via Semantic Cross Search,https://intarch.ac.uk/journal/issue30/tudhope_index.html,LOW,VERIFIED
STELLAR,STELLAR,1,ChatGPT Deep Research,1,Unknown (Deep Research),Deep Research (web),Internet Archaeology,1,success,Connecting Archaeological Data and Grey Literature via Semantic Cross Search,https://intarch.ac.uk/journal/issue30/tudhope_index.html,LOW,VERIFIED
SVG,SVG,1,ChatGPT Deep Research,1,Unknown (Deep Research),Deep Research (web),Internet Archaeology,1,success,An Interactive Image Using SVG and Ajax in Archaeology,https://intarch.ac.uk/journal/issue23/charno_index.html,LOW,MISATTRIBUTED
Scripto,Scripto,1,ChatGPT Deep Research,1,Unknown (Deep Research),Deep Research (web),JOSS,1,success-secondpass,DataScribe: An Omeka S module for structured data transcription (Journal of Open Source Software: DataScribe: An Omeka S module for structured data transcription),https://joss.theoj.org/papers/10.21105/joss.05661,LOW,VERIFIED
SimLex,"SimLex (historical linguistics modeling, but not explicitly used in archaeology)",1,ChatGPT Deep Research,1,Unknown (Deep Research),Deep Research (web),SoftwareX,1,access-fail,SimLex: A computational model for simulating lexical change over time,https://doi.org/10.1016/j.softx.2017.06.001,MEDIUM,CONFABULATED
Sketchfab,Sketchfab,2,ChatGPT Deep Research,1,Unknown (Deep Research),Deep Research (web),Internet Archaeology,1,fail | success,"Visualising the Guild Chapel, Stratford-upon-Avon: digital models as research tools in buildings archaeology",https://intarch.ac.uk/journal/issue32/giles_toc.html,MEDIUM,CONFABULATED
SpadeR,SpadeR,1,ChatGPT Deep Research,1,Unknown (Deep Research),Deep Research (web),JOSS,1,success-secondpass,"tabula: An R Package for Analysis, Seriation, and Visualization of Archaeological Count Data (Journal of Open Source Software: tabula: An R Package for Analysis, Seriation, and Visualization of Archaeological Count Data)",https://joss.theoj.org/papers/10.21105/joss.01821,LOW,VERIFIED
Spatial Analyst 2.0,Spatial Analyst 2.0,1,ChatGPT Deep Research,1,Unknown (Deep Research),Deep Research (web),Internet Archaeology,1,success,"Planning Uncertainty: Creating an Artefact Density Index for North Yorkshire, England",https://intarch.ac.uk/journal/issue21/boldrini_index.html,LOW,MISATTRIBUTED
Stable Diffusion,Stable Diffusion (generative AI model),1,OpenAI o3,1,o3,Web chat (o3),JCAA,1,standard,Using Generative AI for Reconstructing Cultural Artifacts,https://doi.org/10.5334/jcaa.151,LOW,MISATTRIBUTED
Stratigraph,Stratigraph,1,ChatGPT Deep Research,1,Unknown (Deep Research),Deep Research (web),Internet Archaeology,1,success,ArchEd and Stratigraph - Excavation recording and analysis software,https://intarch.ac.uk/journal/issue8/reviews/rains.html,LOW,VERIFIED
Survey2GIS,Survey2GIS,2,ChatGPT Deep Research,1,Unknown (Deep Research),Deep Research (web),Internet Archaeology,1,fail | success,Free and Open Source Software development in Archaeology. Two interrelated case studies: gvSIG CE and Survey2GIS,https://intarch.ac.uk/journal/issue43/bibby-ducke_toc.html,MEDIUM,VERIFIED
Swedish National Data Service,Swedish National Data Service (SND),2,ChatGPT Deep Research,1,Unknown (Deep Research),Deep Research (web),Internet Archaeology,1,success,A Turn Towards the Digital. An Overview of Swedish Heritage Information Management Today,https://intarch.ac.uk/journal/issue58/19/index.html,LOW,VERIFIED
TGIR Huma-Num,TGIR Huma-Num,1,ChatGPT Deep Research,1,Unknown (Deep Research),Deep Research (web),Internet Archaeology,1,success,Digital Archiving and Data Stewardship in French Archaeology,https://intarch.ac.uk/journal/issue58/26/index.html,LOW,VERIFIED
THANADOS database,THANADOS database,1,ChatGPT Deep Research,1,Unknown (Deep Research),Deep Research (web),Internet Archaeology,1,success,Integrating Data on Early Medieval Graves: Mapping the THANADOS database to the ARIADNE infrastructure with the Mortuary Data Application Profile,https://intarch.ac.uk/journal/issue64/11/index.html,LOW,VERIFIED
Temporal normalization tool,Temporal normalization tool (Python-based),1,OpenAI o3,1,o3,Web chat (o3),JCAA,1,standard,Automatic Normalization of Temporal Expressions,https://doi.org/10.5334/jcaa.105,LOW,VERIFIED
TensorFlow,TensorFlow | TensorFlow (open-source ML library),2,ChatGPT Deep Research | OpenAI o3,2,Unknown (Deep Research) | o3,Deep Research (web) | Web chat (o3),Internet Archaeology | JCAA,2,success | standard,What the Machine Saw: some questions on the ethics of computer vision and machine learning to investigate human remains trafficking,https://intarch.ac.uk/journal/issue52/5/index.html,LOW (cross-validated),VERIFIED
Tesseract,Tesseract,1,ChatGPT Deep Research,1,Unknown (Deep Research),Deep Research (web),JOSS,1,success-secondpass,DataScribe: An Omeka S module for structured data transcription (Journal of Open Source Software: DataScribe: An Omeka S module for structured data transcription),https://joss.theoj.org/papers/10.21105/joss.05661,LOW,MISATTRIBUTED
TimeMap,TimeMap,1,ChatGPT Deep Research,1,Unknown (Deep Research),Deep Research (web),Internet Archaeology,1,success,Contextualising Archaeological Information Through Interactive Maps,https://intarch.ac.uk/journal/issue12/johnson_index.html,LOW,VERIFIED
Truespace,Truespace,1,ChatGPT Deep Research,1,Unknown (Deep Research),Deep Research (web),Internet Archaeology,1,success,Sensuous and reflexive GIS: exploring visualisation and VRML,https://intarch.ac.uk/journal/issue1/gillings_toc.html,LOW,VERIFIED
Twitter API,Twitter API,1,ChatGPT Deep Research,1,Unknown (Deep Research),Deep Research (web),Internet Archaeology,1,success,Tweets in the Peak: Twitter Analysis - the impact of Covid-19 on cultural landscapes,https://intarch.ac.uk/journal/issue59/6/index.html,LOW,MISATTRIBUTED
UCINET,UCINET (social network analysis toolkit),1,OpenAI o3,1,o3,Web chat (o3),JCAA,1,standard,"The Impact of Levantine Transit Trade on 15th–16th Century A.D. Wallachia, Transylvania, and Moldova",https://doi.org/10.5334/jcaa.117,LOW,MISATTRIBUTED
Unity 3D,Unity 3D (immersive visualization platform),1,ChatGPT Deep Research,1,Unknown (Deep Research),Deep Research (web),Internet Archaeology,1,success,"Visualising Heritage: using 3D immersive technologies to innovate, document and communicate rich narratives for HS2",https://intarch.ac.uk/journal/issue65/7/index.html,LOW,MISATTRIBUTED
VOSviewer,VOSviewer (bibliometric mapping software),1,ChatGPT Deep Research,1,Unknown (Deep Research),Deep Research (web),Internet Archaeology,1,success,"Archaeological Research 2014 to 2021: an examination of its intellectual base, collaborative networks and conceptual language using science maps",https://intarch.ac.uk/journal/issue59/10/index.html,LOW,VERIFIED
VRArchaeo,VRArchaeo (Unity-based application),1,ChatGPT Deep Research,1,Unknown (Deep Research),Deep Research (web),JOAD,1,extreme fail,Virtual Reality in Archaeology: Case Studies and Software Development,https://doi.org/10.5334/joad.110,HIGH,CONFABULATED
VRML,VRML,3,ChatGPT Deep Research,1,Unknown (Deep Research),Deep Research (web),Internet Archaeology,1,success,Foreword,https://intarch.ac.uk/journal/issue1/foreword.html,LOW,MISATTRIBUTED
Virtual Amarna Project,Virtual Amarna Project,1,ChatGPT Deep Research,1,Unknown (Deep Research),Deep Research (web),Internet Archaeology,1,success,Developing a 3-D Digital Heritage Ecosystem: from object to representation and the role of a virtual museum in the 21st century,https://intarch.ac.uk/journal/issue30/limp_index.html,LOW,MISATTRIBUTED
VirtualArch project platform,VirtualArch project platform,1,ChatGPT Deep Research,1,Unknown (Deep Research),Deep Research (web),Internet Archaeology,1,success,VirtualArch: Making Archaeological Heritage Visible,https://intarch.ac.uk/journal/issue54/2/index.html,LOW,VERIFIED
Vistamorph,Vistamorph,1,ChatGPT Deep Research,1,Unknown (Deep Research),Deep Research (web),Internet Archaeology,1,success,Sensuous and reflexive GIS: exploring visualisation and VRML,https://intarch.ac.uk/journal/issue1/gillings_toc.html,LOW,VERIFIED
Vistapro,Vistapro,1,ChatGPT Deep Research,1,Unknown (Deep Research),Deep Research (web),Internet Archaeology,1,success,Sensuous and reflexive GIS: exploring visualisation and VRML,https://intarch.ac.uk/journal/issue1/gillings_toc.html,LOW,VERIFIED
Voro++ (bleiglas: An R package for interpolation and visualisation of spatiotemporal data with 3D tessellation),Voro++ (bleiglas: An R package for interpolation and visualisation of spatiotemporal data with 3D tessellation) (bleiglas: An R package for interpolation and visualisation of spatiotemporal data with 3D tessellation),1,ChatGPT Deep Research,1,Unknown (Deep Research),Deep Research (web),JOSS,1,success-secondpass,bleiglas: An R package for interpolation and visualisation of spatiotemporal data with 3D tessellation (Journal of Open Source Software: bleiglas: An R package for interpolation and visualisation of spatiotemporal data with 3D tessellation),https://joss.theoj.org/papers/10.21105/joss.03092,LOW,VERIFIED
WallGIS database and GIS,WallGIS database and GIS,1,ChatGPT Deep Research,1,Unknown (Deep Research),Deep Research (web),Internet Archaeology,1,success,WallGIS: A Database and GIS for Hadrian's Wall (Data paper),https://intarch.ac.uk/journal/issue67/24/index.html,LOW,VERIFIED
WaveSurfer 1.8.8,WaveSurfer 1.8.8 (audio analysis software),1,ChatGPT Deep Research,1,Unknown (Deep Research),Deep Research (web),Internet Archaeology,1,success,The song of air and water: Acoustic experiments with an Ecuadorian Whistle Bottle (c.900 BC–100 BC),https://intarch.ac.uk/journal/issue52/2/index.html,LOW,VERIFIED
Wcvt2Pov,Wcvt2Pov,1,ChatGPT Deep Research,1,Unknown (Deep Research),Deep Research (web),Internet Archaeology,1,success,Sensuous and reflexive GIS: exploring visualisation and VRML,https://intarch.ac.uk/journal/issue1/gillings_toc.html,LOW,VERIFIED
WordPress,WordPress,2,ChatGPT Deep Research,1,Unknown (Deep Research),Deep Research (web),Internet Archaeology,1,fail | success,"Day of Archaeology 2011–2017: Global Community, Public Engagement, and Digital Practice",https://intarch.ac.uk/journal/issue47/richardson_et_al_toc.html,MEDIUM,MISATTRIBUTED
XVR,XVR,2,ChatGPT Deep Research,1,Unknown (Deep Research),Deep Research (web),Internet Archaeology,1,fail | success,Communicating Archaeological Risk with Web-Based Virtual Reality: A Case Study,https://intarch.ac.uk/journal/issue31/landeschi-carrozzino_index.html,MEDIUM,VERIFIED
York System,York System,1,ChatGPT Deep Research,1,Unknown (Deep Research),Deep Research (web),Internet Archaeology,1,success,The York System: An integrated zooarchaeological database for research and teaching,https://intarch.ac.uk/journal/issue13/harland_index.html,LOW,VERIFIED
Zooniverse Project Builder,Zooniverse Project Builder (DataScribe: An Omeka S module for structured data transcription),1,ChatGPT Deep Research,1,Unknown (Deep Research),Deep Research (web),JOSS,1,success-secondpass,DataScribe: An Omeka S module for structured data transcription (Journal of Open Source Software: DataScribe: An Omeka S module for structured data transcription),https://joss.theoj.org/papers/10.21105/joss.05661,LOW,VERIFIED
aRchaic,aRchaic,2,OpenAI o3 | ChatGPT Deep Research,2,o3 | Unknown (Deep Research),Web chat (o3) | Deep Research (web),JOSS,1,worthless | fail-possible,aRchaic: Exploratory Data Analysis of Ancient DNA Damage Patterns in R,https://joss.theoj.org/papers/10.21105/joss.01094,LOW (cross-validated),VERIFIED
ade4,ade4,1,ChatGPT Deep Research,1,Unknown (Deep Research),Deep Research (web),JOSS,1,success-secondpass,"tabula: An R Package for Analysis, Seriation, and Visualization of Archaeological Count Data (Journal of Open Source Software: tabula: An R Package for Analysis, Seriation, and Visualization of Archaeological Count Data)",https://joss.theoj.org/papers/10.21105/joss.01821,LOW,VERIFIED
aion,aion,3,OpenAI o3 | ChatGPT Deep Research,2,o3 | Unknown (Deep Research),Web chat (o3) | Deep Research (web),JOSS,1,worthless | fail-possible | success-secondpass,aion: A toolkit for simulating historical processes using agent-based modeling,https://joss.theoj.org/papers/10.21105/joss.04589,LOW (cross-validated),VERIFIED
archCandy,archCandy,2,OpenAI o3 | ChatGPT Deep Research,2,o3 | Unknown (Deep Research),Web chat (o3) | Deep Research (web),JOSS,1,worthless | fail-possible,archCandy: GIS-based sweet-spot detection for archaeological surveys in Python,https://joss.theoj.org/papers/10.21105/joss.01241,LOW (cross-validated),CONFABULATED
archeoViz,archeoViz,3,OpenAI o3 | ChatGPT Deep Research,2,o3 | Unknown (Deep Research),Web chat (o3) | Deep Research (web),JOSS,1,worthless | fail-possible | success-secondpass,archeoViz: A Web Interface for Spatial and Chronological Data Visualization in Archaeology,https://joss.theoj.org/papers/10.21105/joss.02361,LOW (cross-validated),VERIFIED
archr,archr,2,OpenAI o3 | ChatGPT Deep Research,2,o3 | Unknown (Deep Research),Web chat (o3) | Deep Research (web),JOSS,1,worthless | fail-possible,archr: Automated Radiocarbon Chronology for R (pilot),https://joss.theoj.org/papers/10.21105/joss.00840,LOW (cross-validated),CONFABULATED
argus,argus,2,OpenAI o3 | ChatGPT Deep Research,2,o3 | Unknown (Deep Research),Web chat (o3) | Deep Research (web),JOSS,1,worthless | fail-possible,argus: Time-series analysis for archaeological geophysics in R,https://joss.theoj.org/papers/10.21105/joss.01099,LOW (cross-validated),CONFABULATED
bleiglas,bleiglas,2,ChatGPT Deep Research,1,Unknown (Deep Research),Deep Research (web),JOSS,1,fail-possible | success-secondpass,"bleiglas: An R package for interpolation and visualisation of spatiotemporal data with 3D tessellation,""N/A","Vol. 4, Iss. 37",MEDIUM,VERIFIED
c14bazAAR,c14bazAAR,3,OpenAI o3 | ChatGPT Deep Research,2,o3 | Unknown (Deep Research),Web chat (o3) | Deep Research (web),JOSS,1,worthless | fail-possible | success-secondpass,c14bazAAR: An R package for downloading and preparing C14 dates from different databases,https://joss.theoj.org/papers/10.21105/joss.01914,LOW (cross-validated),VERIFIED
chora,chora,2,OpenAI o3 | ChatGPT Deep Research,2,o3 | Unknown (Deep Research),Web chat (o3) | Deep Research (web),JOSS,1,worthless | fail-possible,chora: R package for analyzing morphological variables in chorology (historical geography),https://joss.theoj.org/papers/10.21105/joss.01225,LOW (cross-validated),CONFABULATED
dataARC cyberinfrastructure,dataARC cyberinfrastructure,1,ChatGPT Deep Research,1,Unknown (Deep Research),Deep Research (web),Internet Archaeology,1,success,A Lockpick’s Guide to dataARC: Designing Infrastructures and Building Communities to Enable Transdisciplinary Research,https://intarch.ac.uk/journal/issue56/15/index.html,LOW,VERIFIED
dplR,"dplR (fellingdater: a toolkit to estimate, report and combine felling dates derived from historical tree-ring series.)",1,ChatGPT Deep Research,1,Unknown (Deep Research),Deep Research (web),JOSS,1,success-secondpass,"fellingdater: a toolkit to estimate, report and combine felling dates derived from historical tree-ring series. (Journal of Open Source Software: fellingdater: a toolkit to estimate, report and combine felling dates derived from historical tree-ring series)",https://joss.theoj.org/papers/10.21105/joss.06716,LOW,VERIFIED
fellingdater,fellingdater,1,ChatGPT Deep Research,1,Unknown (Deep Research),Deep Research (web),JOSS,1,success-secondpass,"fellingdater: a toolkit to estimate, report and combine felling dates derived from historical tree-ring series. (Journal of Open Source Software: fellingdater: a toolkit to estimate, report and combine felling dates derived from historical tree-ring series)",https://joss.theoj.org/papers/10.21105/joss.06716,LOW,VERIFIED
geoChronR,geoChronR,1,ChatGPT Deep Research,1,Unknown (Deep Research),Deep Research (web),JOSS,1,fail-possible,"geoChronR: Geochronological tools for paleoclimate data in R,""N/A","Vol. 5, Iss. 45",MEDIUM,VERIFIED
glottoTrees,glottoTrees (glottospace: R package for language mapping and geospatial analysis of linguistic and cultural data),1,ChatGPT Deep Research,1,Unknown (Deep Research),Deep Research (web),JOSS,1,success-secondpass,glottospace: R package for language mapping and geospatial analysis of linguistic and cultural data (Journal of Open Source Software: glottospace: R package for language mapping and geospatial analysis of linguistic and cultural data),https://joss.theoj.org/papers/10.21105/joss.04303,LOW,VERIFIED
glottospace,glottospace,1,ChatGPT Deep Research,1,Unknown (Deep Research),Deep Research (web),JOSS,1,success-secondpass,glottospace: R package for language mapping and geospatial analysis of linguistic and cultural data (Journal of Open Source Software: glottospace: R package for language mapping and geospatial analysis of linguistic and cultural data),https://joss.theoj.org/papers/10.21105/joss.04303,LOW,VERIFIED
gvSIG CE,gvSIG CE,2,ChatGPT Deep Research,1,Unknown (Deep Research),Deep Research (web),Internet Archaeology,1,fail | success,Free and Open Source Software development in Archaeology. Two interrelated case studies: gvSIG CE and Survey2GIS,https://intarch.ac.uk/journal/issue43/bibby-ducke_toc.html,MEDIUM,VERIFIED
htmlfig,htmlfig,1,ChatGPT Deep Research,1,Unknown (Deep Research),Deep Research (web),Internet Archaeology,1,success,Editorial,https://intarch.ac.uk/journal/issue2/edit2.html,LOW,VERIFIED
htmltoc,htmltoc,1,ChatGPT Deep Research,1,Unknown (Deep Research),Deep Research (web),Internet Archaeology,1,success,Editorial,https://intarch.ac.uk/journal/issue2/edit2.html,LOW,VERIFIED
iDig,iDig,4,ChatGPT Deep Research | Perplexity Deep Research,2,Unknown (Deep Research) | Perplexity Pro,Deep Research (web) | Perplexity (web),Multiple (sample run) | Internet Archaeology | Multiple,3,sample | fail | success | synthetic-prompt,,,LOW (cross-validated),VERIFIED
iconr,iconr (Analysis of Prehistoric Iconography with the R package iconr),1,ChatGPT Deep Research,1,Unknown (Deep Research),Deep Research (web),JOSS,1,success-secondpass,Analysis of Prehistoric Iconography with the R package iconr (Journal of Open Source Software: Analysis of Prehistoric Iconography with the R package iconr),https://joss.theoj.org/papers/10.21105/joss.03191,LOW,VERIFIED
kairos,kairos (aion: An R Package to Represent Archaeological Time Series) | kairos,2,ChatGPT Deep Research,1,Unknown (Deep Research),Deep Research (web),JOSS,1,success-secondpass,aion: An R Package to Represent Archaeological Time Series (Journal of Open Source Software: aion: An R Package to Represent Archaeological Time Series),https://joss.theoj.org/papers/10.21105/joss.06210,LOW,VERIFIED
kdedemo1,kdedemo1,1,ChatGPT Deep Research,1,Unknown (Deep Research),Deep Research (web),Internet Archaeology,1,success,The archaeological use of Kernel Density Estimates,https://intarch.ac.uk/journal/issue1/beardah_toc.html,LOW,VERIFIED
kdedemo2,kdedemo2,1,ChatGPT Deep Research,1,Unknown (Deep Research),Deep Research (web),Internet Archaeology,1,success,The archaeological use of Kernel Density Estimates,https://intarch.ac.uk/journal/issue1/beardah_toc.html,LOW,VERIFIED
lingtypR,lingtypR,1,ChatGPT Deep Research,1,Unknown (Deep Research),Deep Research (web),JOSS,1,success-secondpass,glottospace: R package for language mapping and geospatial analysis of linguistic and cultural data (Journal of Open Source Software: glottospace: R package for language mapping and geospatial analysis of linguistic and cultural data),https://joss.theoj.org/papers/10.21105/joss.04303,LOW,VERIFIED
lingtypology,lingtypology,1,ChatGPT Deep Research,1,Unknown (Deep Research),Deep Research (web),JOSS,1,success-secondpass,glottospace: R package for language mapping and geospatial analysis of linguistic and cultural data (Journal of Open Source Software: glottospace: R package for language mapping and geospatial analysis of linguistic and cultural data),https://joss.theoj.org/papers/10.21105/joss.04303,LOW,VERIFIED
mapDamage,mapDamage,2,OpenAI o3 | ChatGPT Deep Research,2,o3 | Unknown (Deep Research),Web chat (o3) | Deep Research (web),JOSS,1,worthless | fail-possible,mapDamage: Ancient DNA damage estimation and plotting in Python,https://joss.theoj.org/papers/10.21105/joss.01160,LOW (cross-validated),VERIFIED
mortAAR,mortAAR,2,OpenAI o3 | ChatGPT Deep Research,2,o3 | Unknown (Deep Research),Web chat (o3) | Deep Research (web),JOSS,1,worthless | fail-possible,mortAAR: Mortality modeling and analysis in archaeology using R,https://joss.theoj.org/papers/10.21105/joss.01175,LOW (cross-validated),VERIFIED
movecost,movecost (R package for least-cost path analysis in archaeological landscape studies),1,ChatGPT Deep Research,1,Unknown (Deep Research),Deep Research (web),SoftwareX,1,access-fail,movecost: An R package for calculating accumulated slope-dependent anisotropic cost-surfaces and least-cost paths,https://doi.org/10.1016/j.softx.2019.10.002,MEDIUM,VERIFIED
oxcAAR,oxcAAR,1,ChatGPT Deep Research,1,Unknown (Deep Research),Deep Research (web),JOSS,1,success-secondpass,shoredate: An R package for shoreline dating coastal Stone Age sites (Journal of Open Source Software: shoredate: An R package for shoreline dating coastal Stone Age sites),https://joss.theoj.org/papers/10.21105/joss.05337,LOW,VERIFIED
pastR,pastR,2,OpenAI o3 | ChatGPT Deep Research,2,o3 | Unknown (Deep Research),Web chat (o3) | Deep Research (web),JOSS,1,worthless | fail-possible,pastR: Tools for paleontological site record analysis in R,https://joss.theoj.org/papers/10.21105/joss.01197,LOW (cross-validated),CONFABULATED
pnuts,pnuts,1,ChatGPT Deep Research,1,Unknown (Deep Research),Deep Research (web),Internet Archaeology,1,success,Editorial,https://intarch.ac.uk/journal/issue2/edit2.html,LOW,VERIFIED
pyArchaeo,pyArchaeo,2,OpenAI o3 | ChatGPT Deep Research,2,o3 | Unknown (Deep Research),Web chat (o3) | Deep Research (web),JOSS,1,worthless | fail-possible,pyArchaeo: A Python toolkit for processing 3D scan data in archaeology,https://joss.theoj.org/papers/10.21105/joss.01096,LOW (cross-validated),CONFABULATED
pyrho,pyrho,2,OpenAI o3 | ChatGPT Deep Research,2,o3 | Unknown (Deep Research),Web chat (o3) | Deep Research (web),JOSS,1,worthless | fail-possible,pyrho: a Python package for inferring local recombination rates from ancient DNA,https://joss.theoj.org/papers/10.21105/joss.01130,LOW (cross-validated),VERIFIED
qlcData,qlcData,1,ChatGPT Deep Research,1,Unknown (Deep Research),Deep Research (web),JOSS,1,success-secondpass,glottospace: R package for language mapping and geospatial analysis of linguistic and cultural data (Journal of Open Source Software: glottospace: R package for language mapping and geospatial analysis of linguistic and cultural data),https://joss.theoj.org/papers/10.21105/joss.04303,LOW,VERIFIED
rcarbon,rcarbon,2,ChatGPT Deep Research,1,Unknown (Deep Research),Deep Research (web),JOSS,1,success-secondpass,aion: An R Package to Represent Archaeological Time Series (Journal of Open Source Software: aion: An R Package to Represent Archaeological Time Series),https://joss.theoj.org/papers/10.21105/joss.06210,LOW,VERIFIED
recexcavAAR,recexcavAAR,2,ChatGPT Deep Research,1,Unknown (Deep Research),Deep Research (web),JOSS,1,success-secondpass,"archeoViz: an R package for the Visualisation, Exploration, and Web Communication of Archaeological Spatial Data (Journal of Open Source Software: archeoViz: an R package for the Visualisation, Exploration, and Web Communication of Archaeological Spatial Data)",https://joss.theoj.org/papers/10.21105/joss.05811,LOW,VERIFIED
relevant to historical sciences but lacks direct archaeology mention),relevant to historical sciences but lacks direct archaeology mention),1,ChatGPT Deep Research,1,Unknown (Deep Research),Deep Research (web),SoftwareX,1,access-fail,ringR: An R package for analyzing and modeling tree-ring growth,https://doi.org/10.1016/j.softx.2019.100325,MEDIUM,CONFABULATED
rhip,rhip,2,OpenAI o3 | ChatGPT Deep Research,2,o3 | Unknown (Deep Research),Web chat (o3) | Deep Research (web),JOSS,1,worthless | fail-possible,rhip: Tools for reconstructing historical images for archaeology and photography,https://joss.theoj.org/papers/10.21105/joss.01032,LOW (cross-validated),CONFABULATED
ringR (R package for dendrochronology,ringR (R package for dendrochronology,1,ChatGPT Deep Research,1,Unknown (Deep Research),Deep Research (web),SoftwareX,1,access-fail,ringR: An R package for analyzing and modeling tree-ring growth,https://doi.org/10.1016/j.softx.2019.100325,MEDIUM,CONFABULATED
shoredate,shoredate,4,OpenAI o3 | ChatGPT Deep Research,2,o3 | Unknown (Deep Research),Web chat (o3) | Deep Research (web),JOSS,1,worthless | fail-possible | success-secondpass,shoredate: Bayesian Shoreline Dating in R for Archaeology,https://joss.theoj.org/papers/10.21105/joss.01076,LOW (cross-validated),VERIFIED
straditize,straditize (Journal of Open Source Software: straditize: Digitizing stratigraphic diagrams),1,ChatGPT Deep Research,1,Unknown (Deep Research),Deep Research (web),JOSS,1,success-secondpass,straditize: Digitizing stratigraphic diagrams (Journal of Open Source Software: straditize: Digitizing stratigraphic diagrams),https://joss.theoj.org/papers/10.21105/joss.01216,LOW,VERIFIED
stratigraphr,stratigraphr,5,ChatGPT Deep Research | OpenAI o3 | Perplexity Deep Research,3,Unknown (Deep Research) | o3 | Perplexity Pro,Deep Research (web) | Web chat (o3) | Perplexity (web),Multiple (sample run) | JOSS | Multiple,3,sample | worthless | fail-possible | success-secondpass | synthetic-prompt,,,LOW (cross-validated),VERIFIED
tDAR,tDAR,1,ChatGPT Deep Research,1,Unknown (Deep Research),Deep Research (web),Internet Archaeology,1,success,Digital Archaeological Data in the Wild West: the challenge of practising responsible digital data archiving and access in the United States,https://intarch.ac.uk/journal/issue58/22/index.html,LOW,VERIFIED
tabula,tabula,4,OpenAI o3 | ChatGPT Deep Research,2,o3 | Unknown (Deep Research),Web chat (o3) | Deep Research (web),JOSS,1,worthless | fail-possible | success-secondpass,"tabula: An R Package for Analysis, Seriation, and Visualization of Archaeological Count Data",https://joss.theoj.org/papers/10.21105/joss.01821,LOW (cross-validated),VERIFIED
tgcd,tgcd (R package for thermoluminescence dating analysis),1,ChatGPT Deep Research,1,Unknown (Deep Research),Deep Research (web),SoftwareX,1,access-fail,tgcd: An R package for analyzing thermoluminescence glow curves,https://doi.org/10.1016/j.softx.2016.12.005,MEDIUM,VERIFIED
tidypaleo,tidypaleo,2,OpenAI o3 | ChatGPT Deep Research,2,o3 | Unknown (Deep Research),Web chat (o3) | Deep Research (web),JOSS,1,worthless | fail-possible,tidypaleo: Tidy tools for summarizing and analyzing stratigraphic data in R,https://joss.theoj.org/papers/10.21105/joss.00603,LOW (cross-validated),VERIFIED
time2aoristic,time2aoristic (R script),1,ChatGPT Deep Research,1,Unknown (Deep Research),Deep Research (web),JOAD,1,extreme fail,"Spatio-Temporal Distributions of Middle to Late Jomon Pithouses in Oyumino, Chiba (Japan)",https://doi.org/10.5334/4f8eb4078284b,HIGH,CONFABULATED
vegan,"vegan (tabula: An R Package for Analysis, Seriation, and Visualization of Archaeological Count Data)",1,ChatGPT Deep Research,1,Unknown (Deep Research),Deep Research (web),JOSS,1,success-secondpass,"tabula: An R Package for Analysis, Seriation, and Visualization of Archaeological Count Data (Journal of Open Source Software: tabula: An R Package for Analysis, Seriation, and Visualization of Archaeological Count Data)",https://joss.theoj.org/papers/10.21105/joss.01821,LOW,VERIFIED
