Tool,Status,Article,URL,Run
SAGAscape,UNCLEAR,,https://sagascape.uni-koeln.de,Perplexity-SyntheticPrompt-DR
ArchAIDE,UNCLEAR,,Closed-source,FullDetail - Sample Run 1
ArcGIS,MISATTRIBUTED,"GIS Visualisations of Mortuary Data from Holešov, Czech Republic",https://intarch.ac.uk/journal/issue36/smejda_toc.html,IA-31-67 fail
Zooniverse Project Builder,MISATTRIBUTED,DataScribe: An Omeka S module for structured data transcription (Journal of Open Source Software: DataScribe: An Omeka S module for structured data transcription),https://joss.theoj.org/papers/10.21105/joss.05661,JOSS-secondpass (much better)
Microsoft Access 2003,MISATTRIBUTED,"Planning Uncertainty: Creating an Artefact Density Index for North Yorkshire, England",https://intarch.ac.uk/journal/issue21/boldrini_index.html,IA-run2-success
GRASS GIS,MISATTRIBUTED,Listening to the Landscapes: Modelling Soundscapes in GIS,https://intarch.ac.uk/journal/issue16/mlekuz_index.html,IA-run2-success
QuickTime VR,MISATTRIBUTED,"Debriefing the Land: The Use of Non-immersive Virtual Reality Technologies to Record, Navigate and Analyse Artefact-rich Landscapes",https://intarch.ac.uk/journal/issue8/larkman_toc.html,IA-run2-success
Paint Shop Pro,MISATTRIBUTED,Sensuous and reflexive GIS: exploring visualisation and VRML,https://intarch.ac.uk/journal/issue1/gillings_toc.html,IA-run2-success
Pioneer,MISATTRIBUTED,Sensuous and reflexive GIS: exploring visualisation and VRML,https://intarch.ac.uk/journal/issue1/gillings_toc.html,IA-run2-success
QGIS,MISATTRIBUTED,Geographic Information Systems in Archaeology: A Systematic Review,https://doi.org/10.5334/jcaa.104,JCAA-o3
Gephi,MISATTRIBUTED,Why did Cities Evolve in Gharb Al-Andalus? Network analysis as a potential method for charting city growth,https://intarch.ac.uk/journal/issue59/9/index.html,IA-run2-success
Reflectance Transformation Imaging,MISATTRIBUTED,Maeshowe: The Application of RTI to Norse Runes (Data Paper),https://intarch.ac.uk/journal/issue47/smith_et_al.html,IA-31-67 fail
geoChronR,CONFIRMED,"geoChronR: Geochronological tools for paleoclimate data in R,""N/A","Vol. 5, Iss. 45",Joss-fail-possible
stratigraphr,CONFIRMED,stratigraphr: Tools for stratigraphic diagrams and correlation in R,https://joss.theoj.org/papers/10.21105/joss.01136,JOSS-worthless-o3
ArchAIDE,CONFIRMED,"Developing the ArchAIDE Application: A digital workflow for identifying, organising and sharing archaeological pottery using automated image recognition",https://intarch.ac.uk/journal/issue52/anichini_toc.html,IA-31-67 fail
Arch-I-Scan,CONFIRMED,Exploring Automated Pottery Identification [Arch-I-Scan],https://intarch.ac.uk/journal/issue50/tyukin_toc.html,IA-31-67 fail
BCal,CONFIRMED,BCal: an on-line Bayesian radiocarbon calibration tool,https://intarch.ac.uk/journal/issue7/buck_index.html,IA-run2-success
VirtualArch project platform,CONFIRMED,VirtualArch: Making Archaeological Heritage Visible,https://intarch.ac.uk/journal/issue54/2/index.html,IA-run2-success
Swedish National Data Service,CONFIRMED,A Turn Towards the Digital. An Overview of Swedish Heritage Information Management Today,https://intarch.ac.uk/journal/issue58/19/index.html,IA-run2-success
LandML,CONFIRMED,Integrating GIS and Machine Learning for Landscape Archaeology,https://doi.org/10.5334/joad.120,JOAD-extreme fail
ChronoModelr,CONFIRMED,"ChronoModelr: A wrapper for ChronoModel Bayesian Archaeological Dating software,""N/A","Vol. 5, Iss. 45",Joss-fail-possible
ARCHIS,CONFIRMED,"A Toolbox for Archaeological Heritage Management. Maps, Methods and More for Effective and Efficient Selection of Valuable Archaeology",https://intarch.ac.uk/journal/issue49/lauwerier_toc.html,IA-31-67 fail
aion,CONFIRMED,"aion: A toolkit for simulating historical processes using agent-based modeling,""N/A","Vol. 4, Iss. 38",Joss-fail-possible
ARCHIS,CONFIRMED,"A Toolbox for Archaeological Heritage Management. Maps, Methods and More for Effective and Efficient Selection of Valuable Archaeology",https://intarch.ac.uk/journal/issue49/lauwerier_toc.html,IA-run2-success
c14bazAAR,CONFIRMED,c14bazAAR: An R package for downloading and preparing C14 dates from different source databases (Journal of Open Source Software: c14bazAAR: An R package for downloading and preparing C14 dates from different source databases),https://joss.theoj.org/papers/10.21105/joss.01914,JOSS-secondpass (much better)
chora,CONFIRMED,"chora: R package for analyzing morphological variables in chorology (historical geography),""N/A","Vol. 6, Iss. 52",Joss-fail-possible
stratigraphr,CONFIRMED,Archeofrag: an R package for Refitting and Spatial Analysis in Archaeology (Journal of Open Source Software: Archeofrag: an R package for Refitting and Spatial Analysis in Archaeology),https://joss.theoj.org/papers/10.21105/joss.04335,JOSS-secondpass (much better)
archeoViz,CONFIRMED,"archeoViz: A Web Interface for Spatial and Chronological Data Visualization in Archaeology,""N/A","Vol. 4, Iss. 36",Joss-fail-possible
pyrho,CONFIRMED,pyrho: a Python package for inferring local recombination rates from ancient DNA,https://joss.theoj.org/papers/10.21105/joss.01130,JOSS-worthless-o3
Burial Space Research Database,CONFIRMED,The Burial Space Research Database (Data Paper),https://intarch.ac.uk/journal/issue55/3/index.html,IA-run2-success
ArchABM,CONFIRMED,ArchABM: Agent-based modeling of ancient societies in R,https://joss.theoj.org/papers/10.21105/joss.01201,JOSS-worthless-o3
RACER,CONFIRMED,"RACER: Radiocarbon Analysis Calibration and Estimation in R,""N/A","Vol. 5, Iss. 45",Joss-fail-possible
Archaeology Data Service,CONFIRMED,Red Sky at Night: digital archiving in England 2020,https://intarch.ac.uk/journal/issue58/6/index.html,IA-run2-success
gvSIG CE,CONFIRMED,Free and Open Source Software development in Archaeology. Two interrelated case studies: gvSIG CE and Survey2GIS,https://intarch.ac.uk/journal/issue43/bibby-ducke_toc.html,IA-31-67 fail
lingtypR,CONFIRMED,glottospace: R package for language mapping and geospatial analysis of linguistic and cultural data (Journal of Open Source Software: glottospace: R package for language mapping and geospatial analysis of linguistic and cultural data),https://joss.theoj.org/papers/10.21105/joss.04303,JOSS-secondpass (much better)
pnuts,CONFIRMED,Editorial,https://intarch.ac.uk/journal/issue2/edit2.html,IA-run2-success
Bwigg,CONFABULATION,,https://software.broadinstitute.org,Perplexity-SyntheticPrompt-DR
Faceted Query Engine,CONFIRMED,A Faceted Query Engine Applied to Archaeology,https://intarch.ac.uk/journal/issue21/stoyanovich_index.html,IA-run2-success
Open Context,CONFIRMED,A Faceted Query Engine Applied to Archaeology,https://intarch.ac.uk/journal/issue21/stoyanovich_index.html,IA-run2-success
Depthmap,CONFIRMED,Analysing Medieval Urban Space,https://intarch.ac.uk/journal/issue21/craane_index.html,IA-run2-success
Minitab,MISATTRIBUTED,"Consumption, deposition and social practice",https://intarch.ac.uk/journal/issue21/pitts_index.html,IA-run2-success
ArcView GIS 3.3,MISATTRIBUTED,"Planning Uncertainty: Creating an Artefact Density Index for North Yorkshire, England",https://intarch.ac.uk/journal/issue21/boldrini_index.html,IA-run2-success
Spatial Analyst 2.0,MISATTRIBUTED,"Planning Uncertainty: Creating an Artefact Density Index for North Yorkshire, England",https://intarch.ac.uk/journal/issue21/boldrini_index.html,IA-run2-success
Grid Machine 6.53,CONFIRMED,"Planning Uncertainty: Creating an Artefact Density Index for North Yorkshire, England",https://intarch.ac.uk/journal/issue21/boldrini_index.html,IA-run2-success
Excel 2003,MISATTRIBUTED,"Planning Uncertainty: Creating an Artefact Density Index for North Yorkshire, England",https://intarch.ac.uk/journal/issue21/boldrini_index.html,IA-run2-success
HBSMR (ExeGesIS) v3.06,CONFIRMED,"Planning Uncertainty: Creating an Artefact Density Index for North Yorkshire, England",https://intarch.ac.uk/journal/issue21/boldrini_index.html,IA-run2-success
Integrated Archaeological Database (IADB),CONFIRMED,Silchester Roman Town Insula IX,https://intarch.ac.uk/journal/issue21/silchester_index.html,IA-run2-success
Microware,CONFIRMED,Diet in Mesolithic Europe: New evidence from dental microwear,https://intarch.ac.uk/journal/issue22/mclaughlin_index.html,IA-run2-success
GNU R,MISATTRIBUTED,Diet in Mesolithic Europe: New evidence from dental microwear,https://intarch.ac.uk/journal/issue22/mclaughlin_index.html,IA-run2-success
ExeGesIS (HER data system),CONFIRMED,Categorising the Past: lessons from the archaeological resource assessment for Yorkshire,https://intarch.ac.uk/journal/issue23/roskams_index.html,IA-run2-success
MODES (museum database),CONFIRMED,Categorising the Past: lessons from the archaeological resource assessment for Yorkshire,https://intarch.ac.uk/journal/issue23/roskams_index.html,IA-run2-success
Microsoft Access,MISATTRIBUTED,"Characterising the Welsh Roundhouse: chronology, inhabitation and landscape",https://intarch.ac.uk/journal/issue23/1/index.html,IA-run2-success
ESRI ArcGIS,MISATTRIBUTED,"Characterising the Welsh Roundhouse: chronology, inhabitation and landscape",https://intarch.ac.uk/journal/issue23/1/index.html,IA-run2-success
ArcView GIS,MISATTRIBUTED,An Interactive Image Using SVG and Ajax in Archaeology,https://intarch.ac.uk/journal/issue23/charno_index.html,IA-run2-success
Adobe Illustrator CS2,MISATTRIBUTED,An Interactive Image Using SVG and Ajax in Archaeology,https://intarch.ac.uk/journal/issue23/charno_index.html,IA-run2-success
SVG,MISATTRIBUTED,An Interactive Image Using SVG and Ajax in Archaeology,https://intarch.ac.uk/journal/issue23/charno_index.html,IA-run2-success
Ajax,MISATTRIBUTED,An Interactive Image Using SVG and Ajax in Archaeology,https://intarch.ac.uk/journal/issue23/charno_index.html,IA-run2-success
Blender,MISATTRIBUTED,"Appropriate Levels of Detail in 3-D Visualisation: the House of the Surgeon, Pompeii",https://intarch.ac.uk/journal/issue23/murgatroyd_index.html,IA-run2-success
AutoCAD,MISATTRIBUTED,"Appropriate Levels of Detail in 3-D Visualisation: the House of the Surgeon, Pompeii",https://intarch.ac.uk/journal/issue23/murgatroyd_index.html,IA-run2-success
ArcMap (ArcGIS),MISATTRIBUTED,Dress and Social Identities: the role of GIS in mapping social structure,https://intarch.ac.uk/journal/issue24/cougle_index.html,IA-run2-success
ArcView GIS,MISATTRIBUTED,Measuring Women's Influence on Roman Military Life,https://intarch.ac.uk/journal/issue24/allison_index.html,IA-run2-success
SASSA (web-based system),CONFIRMED,Developing SASSA: a Soil Analysis Support System for Archaeologists,https://intarch.ac.uk/journal/issue25/wilson_index.html,IA-run2-success
Matrix Manager,CONFIRMED,DigIT: Archaeological Summary Report and Experiments in Digital Recording in the Field,https://intarch.ac.uk/journal/issue27/powlesland_index.html,IA-run2-success
ArcGIS skeletal templates,CONFIRMED,A New Tool for Zooarchaeological Analysis: ArcGIS Skeletal Templates for Some Common Mammalian Species,https://intarch.ac.uk/journal/issue28/orton_index.html,IA-run2-success
STAR,CONFIRMED,Connecting Archaeological Data and Grey Literature via Semantic Cross Search,https://intarch.ac.uk/journal/issue30/tudhope_index.html,IA-run2-success
STELLAR,CONFIRMED,Connecting Archaeological Data and Grey Literature via Semantic Cross Search,https://intarch.ac.uk/journal/issue30/tudhope_index.html,IA-run2-success
Virtual Amarna Project,CONFIRMED,Developing a 3-D Digital Heritage Ecosystem,https://intarch.ac.uk/journal/issue30/limp_index.html,IA-run2-success
XVR,CONFIRMED,Communicating Archaeological Risk with Web-Based Virtual Reality,https://intarch.ac.uk/journal/issue31/landeschi-carrozzino_index.html,IA-run2-success
ActiveX,MISATTRIBUTED,Communicating Archaeological Risk with Web-Based Virtual Reality,https://intarch.ac.uk/journal/issue31/landeschi-carrozzino_index.html,IA-run2-success
Sketchfab,DISCOVERY_ERROR,"Visualising the Guild Chapel, Stratford-upon-Avon",https://intarch.ac.uk/journal/issue32/giles_toc.html,IA-run2-success
ArcGIS,MISATTRIBUTED,"GIS Visualisations of Mortuary Data from Holešov, Czech Republic",https://intarch.ac.uk/journal/issue36/smejda_toc.html,IA-run2-success
Polynomial Texture Mapping (PTM),MISATTRIBUTED,A New Record of Pre-Columbian Engravings in Urubici using PTM,https://intarch.ac.uk/journal/issue38/riris_toc.html,IA-run2-success
GIS,MISATTRIBUTED,Reconstructing Rebellion: Digital Terrain Analysis of the Battle of Dussindale,https://intarch.ac.uk/journal/issue38/hodgkins_toc.html,IA-run2-success
Gephi,MISATTRIBUTED,Mapping the Structure of the Archaeological Web,https://intarch.ac.uk/journal/issue39/graham_toc.html,IA-run2-success
Google Earth,MISATTRIBUTED,Google Under-the-Earth: Seeing Beneath Stonehenge using Google Earth,https://intarch.ac.uk/journal/issue40/welham_toc.html,IA-run2-success
Intrasis,CONFIRMED,"Digitising the Archaeological Process at the Swedish National Heritage Board",https://intarch.ac.uk/journal/issue43/larsson_toc.html,IA-run2-success
ARIADNE,CONFIRMED,Enabling European Archaeological Research: The ARIADNE E-Infrastructure,https://intarch.ac.uk/journal/issue43/aloia_toc.html,IA-run2-success
gvSIG CE,CONFIRMED,Free and Open Source Software development in Archaeology,https://intarch.ac.uk/journal/issue43/bibby-ducke_toc.html,IA-run2-success
Survey2GIS,CONFIRMED,Free and Open Source Software development in Archaeology,https://intarch.ac.uk/journal/issue43/bibby-ducke_toc.html,IA-run2-success
Microsoft HoloLens,MISATTRIBUTED,The Embodied GIS: Using Mixed Reality to explore multi-sensory archaeological landscapes,https://intarch.ac.uk/journal/issue44/eve_toc.html,IA-run2-success
Reflectance Transformation Imaging (RTI),MISATTRIBUTED,The Strange Case of Dame Mary May's tomb,https://intarch.ac.uk/journal/issue44/jones-smith_toc.html,IA-run2-success
WordPress,MISATTRIBUTED,"Day of Archaeology 2011–2017: Global Community, Public Engagement, and Digital Practice",https://intarch.ac.uk/journal/issue47/richardson_et_al_toc.html,IA-run2-success
Reflectance Transformation Imaging (RTI),MISATTRIBUTED,Maeshowe: The Application of RTI to Norse Runes (Data Paper),https://intarch.ac.uk/journal/issue47/smith_et_al.html,IA-run2-success
iDig,CONFIRMED,The Rise of the Machine: the impact of digital tablet recording in the field at Çatalhöyük,https://intarch.ac.uk/journal/issue47/taylor_et_al_toc.html,IA-run2-success
ARCHIS,CONFIRMED,A Toolbox for Archaeological Heritage Management,https://intarch.ac.uk/journal/issue49/lauwerier_toc.html,IA-run2-success
Arch-I-Scan,CONFIRMED,Exploring Automated Pottery Identification [Arch-I-Scan],https://intarch.ac.uk/journal/issue50/11/index.html,IA-run2-success
ArcGIS,MISATTRIBUTED,"Breedon Hill, Leicestershire: new surveys and their implications",https://intarch.ac.uk/journal/issue52/6/index.html,IA-run2-success
ArcScene,MISATTRIBUTED,"Breedon Hill, Leicestershire: new surveys and their implications",https://intarch.ac.uk/journal/issue52/6/index.html,IA-run2-success
ArchAIDE mobile application,CONFIRMED,Developing the ArchAIDE Application,https://intarch.ac.uk/journal/issue52/7/index.html,IA-run2-success
ArchAIDE desktop application,CONFIRMED,Developing the ArchAIDE Application,https://intarch.ac.uk/journal/issue52/7/index.html,IA-run2-success
WaveSurfer 1.8.8,MISATTRIBUTED,The song of air and water: Acoustic experiments with an Ecuadorian Whistle Bottle,https://intarch.ac.uk/journal/issue52/2/index.html,IA-run2-success
TensorFlow,MISATTRIBUTED,What the Machine Saw: ethics of computer vision and machine learning,https://intarch.ac.uk/journal/issue52/5/index.html,IA-run2-success
Jupyter Notebook,MISATTRIBUTED,What the Machine Saw: ethics of computer vision and machine learning,https://intarch.ac.uk/journal/issue52/5/index.html,IA-run2-success
ArchAIDE,CONFIRMED,Developing the ArchAIDE Application,https://intarch.ac.uk/journal/issue52/anichini_toc.html,IA-run2-success
VirtualArch project platform,CONFIRMED,VirtualArch: Making Archaeological Heritage Visible,https://intarch.ac.uk/journal/issue54/2/index.html,IA-run2-success
Burial Space Research Database,CONFIRMED,The Burial Space Research Database (Data Paper),https://intarch.ac.uk/journal/issue55/3/index.html,IA-run2-success
dataARC cyberinfrastructure,CONFIRMED,A Lockpick's Guide to dataARC: Designing Infrastructures and Building Communities,https://intarch.ac.uk/journal/issue56/15/index.html,IA-run2-success
3D scanning and 3D printing technology,MISATTRIBUTED,Creation of Functional Replica Roman and Late Antique Musical Instruments,https://intarch.ac.uk/journal/issue56/1/index.html,IA-run2-success
Agisoft PhotoScan,CONFIRMED,From Archive to GIS: Recovering Spatial Information for Tholos IV,https://intarch.ac.uk/journal/issue56/5/index.html,IA-run2-success
Swedish National Data Service (SND),CONFIRMED,A Turn Towards the Digital: Swedish Heritage Information Management,https://intarch.ac.uk/journal/issue58/19/index.html,IA-run2-success
Archaeology Data Service (ADS),CONFIRMED,Archiving Archaeological Data in the United Kingdom,https://intarch.ac.uk/journal/issue58/21/index.html,IA-run2-success
OASIS,CONFIRMED,Archiving Archaeological Data in the United Kingdom,https://intarch.ac.uk/journal/issue58/21/index.html,IA-run2-success
Archeologiczne Zdjęcie Polski (AZP),CONFIRMED,Belated Measures: Digital Archaeological Archiving in Poland,https://intarch.ac.uk/journal/issue58/12/index.html,IA-run2-success
Askeladden,CONFIRMED,Curation of Digital Archaeological Data in Norway,https://intarch.ac.uk/journal/issue58/29/index.html,IA-run2-success
Archaeological Map of Bulgaria (AMB),CONFIRMED,Current State of Archiving Archaeological Reports in Bulgaria,https://intarch.ac.uk/journal/issue58/24/index.html,IA-run2-success
Swedish National Data Service (SND),CONFIRMED,Digital Archaeological Archiving in Sweden: the SND perspective,https://intarch.ac.uk/journal/issue58/18/index.html,IA-run2-success
tDAR,CONFIRMED,Digital Archaeological Data in the Wild West,https://intarch.ac.uk/journal/issue58/22/index.html,IA-run2-success
Open Context,CONFIRMED,Digital Archaeological Data in the Wild West,https://intarch.ac.uk/journal/issue58/22/index.html,IA-run2-success
Endovélico,CONFIRMED,Digital Archaeology Archives in Portugal,https://intarch.ac.uk/journal/issue58/13/index.html,IA-run2-success
TGIR Huma-Num,CONFIRMED,Digital Archiving and Data Stewardship in French Archaeology,https://intarch.ac.uk/journal/issue58/26/index.html,IA-run2-success
MASA consortium,CONFIRMED,Digital Archiving and Data Stewardship in French Archaeology,https://intarch.ac.uk/journal/issue58/26/index.html,IA-run2-success
ARCHIS,CONFIRMED,Digital Dutch Archaeology: Future perspectives,https://intarch.ac.uk/journal/issue58/28/index.html,IA-run2-success
SIGEC,CONFIRMED,Policy and Practice for Digital Archaeological Archiving in Italy,https://intarch.ac.uk/journal/issue58/27/index.html,IA-run2-success
Archaeology Data Service (ADS),CONFIRMED,Red Sky at Night: digital archiving in England 2020,https://intarch.ac.uk/journal/issue58/6/index.html,IA-run2-success
OASIS,CONFIRMED,Red Sky at Night: digital archiving in England 2020,https://intarch.ac.uk/journal/issue58/6/index.html,IA-run2-success
AIS CR (Czech Republic),CONFIRMED,Taming the Beast: Digital Archiving in Czech Archaeology,https://intarch.ac.uk/journal/issue58/5/index.html,IA-run2-success
Hungarian Archaeology Database,CONFIRMED,The Hungarian Archaeology Database,https://intarch.ac.uk/journal/issue58/9/index.html,IA-run2-success
VOSviewer,CONFIRMED,Archaeological Research 2014 to 2021: science maps,https://intarch.ac.uk/journal/issue59/10/index.html,IA-run2-success
Twitter API,MISATTRIBUTED,Tweets in the Peak: Twitter Analysis,https://intarch.ac.uk/journal/issue59/6/index.html,IA-run2-success
Gephi,MISATTRIBUTED,Why did Cities Evolve in Gharb Al-Andalus?,https://intarch.ac.uk/journal/issue59/9/index.html,IA-run2-success
Climate Vulnerability Index (CVI),CONFIRMED,Developing Climate Risk Assessments for World Heritage,https://intarch.ac.uk/journal/issue60/3/index.html,IA-run2-success
Portable Antiquities Scheme (PAS),CONFIRMED,The Portable Antiquities Scheme and Viking Comb,https://intarch.ac.uk/journal/issue61/11/index.html,IA-run2-success
Getty AAT vocabulary,MISATTRIBUTED,Aggregating Coin Find Data to ARIADNE Portal,https://intarch.ac.uk/journal/issue64/6/index.html,IA-run2-success
DB-HERITAGE platform,CONFIRMED,DB-HERITAGE Building Materials Data Aggregation,https://intarch.ac.uk/journal/issue64/5/index.html,IA-run2-success
SORAN,CONFIRMED,Following the Thread: Integrating SORAN's Japanese Dataset,https://intarch.ac.uk/journal/issue64/15/index.html,IA-run2-success
THANADOS database,CONFIRMED,Integrating Data on Early Medieval Graves,https://intarch.ac.uk/journal/issue64/11/index.html,IA-run2-success
Mortuary Data Application Profile,CONFIRMED,Integrating Data on Early Medieval Graves,https://intarch.ac.uk/journal/issue64/11/index.html,IA-run2-success
AMCR-PAS portal,CONFIRMED,Recording Data from Metal-Detecting Activities in Czech Republic,https://intarch.ac.uk/journal/issue64/13/index.html,IA-run2-success
ROCEEH Out-of-Africa Database (ROAD),CONFIRMED,ROAD Data Aggregation in ARIADNE Pipeline,https://intarch.ac.uk/journal/issue64/9/index.html,IA-run2-success
BADACor database,CONFIRMED,Towards an Open Digital Ecosystem for Archaeology in South America,https://intarch.ac.uk/journal/issue64/16/index.html,IA-run2-success
BIM platform,MISATTRIBUTED,BIM and GIS in HS2 historic environment data management,https://intarch.ac.uk/journal/issue65/5/index.html,IA-run2-success
GIS,MISATTRIBUTED,BIM and GIS in HS2 historic environment data management,https://intarch.ac.uk/journal/issue65/5/index.html,IA-run2-success
Unity 3D,MISATTRIBUTED,Visualising Heritage: 3D immersive technologies for HS2,https://intarch.ac.uk/journal/issue65/7/index.html,IA-run2-success
GitHub,MISATTRIBUTED,Open Archaeology Open Source?,https://intarch.ac.uk/journal/issue67/13/index.html,IA-run2-success
Roman Inscriptions of Britain (RIB) database,CONFIRMED,Agency of Civilians Women and Britons in Roman Britain,https://intarch.ac.uk/journal/issue67/17/index.html,IA-run2-success
Archaeological Map of Bulgaria (AMB),CONFIRMED,FAIR-ness in Bulgarian Archaeology: AMB in ARIADNE,https://intarch.ac.uk/journal/issue67/5/index.html,IA-run2-success
WallGIS,CONFIRMED,WallGIS: A Database and GIS for Hadrian's Wall,https://intarch.ac.uk/journal/issue67/24/index.html,IA-run2-success
tidypaleo,CONFIRMED,tidypaleo: Tidy tools for stratigraphic data in R,https://joss.theoj.org/papers/10.21105/joss.00603,JOSS-worthless-o3
archr,CONFABULATION,archr: Automated Radiocarbon Chronology for R (fabricated),https://joss.theoj.org/papers/10.21105/joss.00840,JOSS-worthless-o3
Archeofrag,CONFIRMED,Archeofrag: R package for Refitting and Spatial Analysis,https://joss.theoj.org/papers/10.21105/joss.04335,JOSS-worthless-o3
archeoViz,CONFIRMED,archeoViz: Web Interface for Archaeological Visualization,https://joss.theoj.org/papers/10.21105/joss.05811,JOSS-worthless-o3
tabula,CONFIRMED,tabula: R Package for Archaeological Count Data,https://joss.theoj.org/papers/10.21105/joss.01821,JOSS-worthless-o3
c14bazAAR,CONFIRMED,c14bazAAR: R package for C14 dates,https://joss.theoj.org/papers/10.21105/joss.01914,JOSS-worthless-o3
aion,CONFIRMED,aion: R Package for Archaeological Time Series,https://joss.theoj.org/papers/10.21105/joss.06210,JOSS-worthless-o3
MicroPasts,MISATTRIBUTED,MicroPasts: Crowd-sourcing platform (not research tool),https://joss.theoj.org/papers/10.21105/joss.01022,JOSS-worthless-o3
rhip,CONFABULATION,rhip: historical images reconstruction (fabricated),https://joss.theoj.org/papers/10.21105/joss.01032,JOSS-worthless-o3
ArchaeoPhases,CONFIRMED,ArchaeoPhases: Bayesian chronological modelling,https://joss.theoj.org/papers/10.21105/joss.01064,JOSS-worthless-o3
OpenEthnology,CONFABULATION,OpenEthnology: ethnographic database (fabricated),https://joss.theoj.org/papers/10.21105/joss.01056,JOSS-worthless-o3
shoredate,CONFIRMED,shoredate: Bayesian Shoreline Dating in R,https://joss.theoj.org/papers/10.21105/joss.05337,JOSS-worthless-o3
PyLithics,CONFIRMED,PyLithics: Python lithic artifact analysis,https://joss.theoj.org/papers/10.21105/joss.03738,JOSS-worthless-o3
RACER,CONFABULATION,RACER: Radiocarbon Analysis (fabricated),https://joss.theoj.org/papers/10.21105/joss.01082,JOSS-worthless-o3
aRchaic,CONFIRMED,aRchaic: Ancient DNA damage patterns in R,https://joss.theoj.org/papers/10.21105/joss.01094,JOSS-worthless-o3
ChronoModelr,CONFABULATION,ChronoModelr: near-match confabulation (RChronoModel exists),https://joss.theoj.org/papers/10.21105/joss.01095,JOSS-worthless-o3
pyArchaeo,CONFABULATION,pyArchaeo: 3D scan toolkit (fabricated),https://joss.theoj.org/papers/10.21105/joss.01096,JOSS-worthless-o3
argus,CONFABULATION,argus: geophysics time-series (fabricated),https://joss.theoj.org/papers/10.21105/joss.01099,JOSS-worthless-o3
FQC,CONFABULATION,FQC: FarmQuests crop modeling (fabricated),https://joss.theoj.org/papers/10.21105/joss.01102,JOSS-worthless-o3
pyrho,CONFIRMED,pyrho: recombination rates from ancient DNA,https://joss.theoj.org/papers/10.21105/joss.01130,JOSS-worthless-o3
stratigraphr,CONFIRMED,stratigraphr: stratigraphic diagrams in R,https://joss.theoj.org/papers/10.21105/joss.01136,JOSS-worthless-o3
mapDamage,CONFIRMED,mapDamage: Ancient DNA damage analysis,https://joss.theoj.org/papers/10.21105/joss.01160,JOSS-worthless-o3
mortAAR,CONFIRMED,mortAAR: Mortality modeling in archaeology,https://joss.theoj.org/papers/10.21105/joss.01175,JOSS-worthless-o3
RChrono,CONFABULATION,RChrono: Radiocarbon tools (fabricated),https://joss.theoj.org/papers/10.21105/joss.01190,JOSS-worthless-o3
ChronCluster,CONFABULATION,ChronCluster: Bayesian chronology (fabricated),https://joss.theoj.org/papers/10.21105/joss.01194,JOSS-worthless-o3
pastR,CONFABULATION,pastR: paleontological site analysis (fabricated),https://joss.theoj.org/papers/10.21105/joss.01197,JOSS-worthless-o3
ArchABM,CONFABULATION,ArchABM: Agent-based modeling (fabricated + DOI hijack),https://joss.theoj.org/papers/10.21105/joss.01201,JOSS-worthless-o3
chora,CONFABULATION,chora: chorology analysis (fabricated),https://joss.theoj.org/papers/10.21105/joss.01225,JOSS-worthless-o3
archCandy,CONFABULATION,archCandy: sweet-spot detection (fabricated),https://joss.theoj.org/papers/10.21105/joss.01241,JOSS-worthless-o3
TensorFlow,MISATTRIBUTED,Fleshing Out the Bones: Human Remains Trade,https://doi.org/10.5334/jcaa.8,JCAA-o3
Inception,MISATTRIBUTED,Fleshing Out the Bones: Human Remains Trade,https://doi.org/10.5334/jcaa.8,JCAA-o3
Keras,MISATTRIBUTED,Learning to Look at LiDAR,https://doi.org/10.5334/jcaa.32,JCAA-o3
Mask R-CNN,MISATTRIBUTED,Learning to Look at LiDAR,https://doi.org/10.5334/jcaa.32,JCAA-o3
R (apcluster),MISATTRIBUTED,Châtelperronian and Protoaurignacian Core Technology,https://doi.org/10.5334/jcaa.17,JCAA-o3
R,MISATTRIBUTED,Tool-Driven Revolutions in Archaeological Science,https://doi.org/10.5334/jcaa.29,JCAA-o3
Google Earth Engine,MISATTRIBUTED,Detecting Looting Activity at Apamea,https://doi.org/10.5334/jcaa.56,JCAA-o3
Mask R-CNN,MISATTRIBUTED,Combined Detection and Segmentation from LiDAR,https://doi.org/10.5334/jcaa.64,JCAA-o3
ImgAug,MISATTRIBUTED,Combined Detection and Segmentation from LiDAR,https://doi.org/10.5334/jcaa.64,JCAA-o3
ArcGIS 10.5,MISATTRIBUTED,Building a Model to Reconstruct Hellenistic and Roman Road Networks,https://doi.org/10.5334/jcaa.67,JCAA-o3
SAGAscape,CONFIRMED,SAGAscape: Simulating Resource Exploitation Strategies,https://doi.org/10.5334/jcaa.90,JCAA-o3
Arch-I-Scan,CONFIRMED,The Arch-I-Scan Project: AI and 3D Simulation for Roman Foodways,https://doi.org/10.5334/jcaa.92,JCAA-o3
Temporal normalization tool,CONFIRMED,Automatic Normalization of Temporal Expressions,https://doi.org/10.5334/jcaa.105,JCAA-o3
ArcGIS,MISATTRIBUTED,Geographic Information Systems in Archaeology: A Systematic Review,https://doi.org/10.5334/jcaa.104,JCAA-o3
QGIS,MISATTRIBUTED,Geographic Information Systems in Archaeology: A Systematic Review,https://doi.org/10.5334/jcaa.104,JCAA-o3
DepthmapX,CONFIRMED,Architecture Reality and Perception: Egyptian Domestic Architecture,https://doi.org/10.5334/jcaa.95,JCAA-o3
UCINET,MISATTRIBUTED,The Impact of Levantine Transit Trade,https://doi.org/10.5334/jcaa.117,JCAA-o3
AIKoGAM,CONFIRMED,AIKoGAM: AI-driven Knowledge Graph of the Antiquities Market,https://doi.org/10.5334/jcaa.130,JCAA-o3
Stable Diffusion,MISATTRIBUTED,Using Generative AI for Reconstructing Cultural Artifacts,https://doi.org/10.5334/jcaa.151,JCAA-o3
time2aoristic,CONFABULATION,Spatio-Temporal Distributions of Middle to Late Jomon Pithouses,https://doi.org/10.5334/4f8eb4078284b,JOAD-extreme fail
GeoViz,CONFABULATION,Geoarchaeological Data from the Mediterranean: A Digital Approach,https://doi.org/10.5334/joad.90,JOAD-extreme fail
CeramicNet,CONFABULATION,Open Source Analysis of Ceramic Trade Networks,https://doi.org/10.5334/joad.91,JOAD-extreme fail
ArtifactML,CONFABULATION,Automated Artifact Classification Using Machine Learning,https://doi.org/10.5334/joad.100,JOAD-extreme fail
DeepClass,CONFABULATION,Automated Artifact Classification Using Machine Learning,https://doi.org/10.5334/joad.100,JOAD-extreme fail
Reconstructo,CONFABULATION,Digital Reconstruction of Ancient Settlements,https://doi.org/10.5334/joad.101,JOAD-extreme fail
VRArchaeo,CONFABULATION,Virtual Reality in Archaeology: Case Studies,https://doi.org/10.5334/joad.110,JOAD-extreme fail
LandML,CONFABULATION,Integrating GIS and Machine Learning for Landscape Archaeology,https://doi.org/10.5334/joad.120,JOAD-extreme fail
DataArq,CONFABULATION,An Open Platform for Archaeological Data Integration,https://doi.org/10.5334/joad.121,JOAD-extreme fail
MapCrowd,CONFABULATION,Crowdsourcing Archaeological Site Mapping Using Mobile Apps,https://doi.org/10.5334/joad.130,JOAD-extreme fail
FieldStream,CONFABULATION,Enhancing Archaeological Fieldwork with Real-time Data Processing,https://doi.org/10.5334/joad.140,JOAD-extreme fail
ImageQuant,CONFABULATION,Digital Imaging Techniques in Artifact Analysis,https://doi.org/10.5334/joad.141,JOAD-extreme fail
BigArq,CONFABULATION,Leveraging Big Data in Archaeological Research,https://doi.org/10.5334/joad.150,JOAD-extreme fail
DataMiner,CONFABULATION,Leveraging Big Data in Archaeological Research,https://doi.org/10.5334/joad.150,JOAD-extreme fail
3DArq,CONFABULATION,Advancements in 3D Modelling for Archaeological Artifacts,https://doi.org/10.5334/joad.160,JOAD-extreme fail
Annotorious,CONFIRMED,Annotated 3D-Models of Cuneiform Tablets,,JOAD-operator
Mask R-CNN,MISATTRIBUTED,When Computers Dream of Charcoal,,JOAD-operator
Open-archeo,CONFIRMED,Open-archeo: A Resource for Documenting Archaeological Software,,JOAD-operator
Advanced viewshed analysis,MISATTRIBUTED,Advanced viewshed analysis: a Quantum GIS plug-in,TODO,Joss-fail-possible
tidypaleo,CONFIRMED,tidypaleo: Tidy tools for stratigraphic data in R,TODO,Joss-fail-possible
archr,CONFABULATION,archr: Automated Radiocarbon Chronology for R (pilot),TODO,Joss-fail-possible
Archeofrag,CONFIRMED,Archeofrag: R package for Refitting and Spatial Analysis,TODO,Joss-fail-possible
KLRfome,CONFIRMED,KLRfome: Kernel Logistic Regression on Focal Mean Embeddings,TODO,Joss-fail-possible
archeoViz,CONFIRMED,archeoViz: Web Interface for Archaeological Data Visualization,TODO,Joss-fail-possible
bleiglas,CONFIRMED,bleiglas: R package for spatiotemporal data visualization,TODO,Joss-fail-possible
tabula,CONFIRMED,tabula: R Package for Archaeological Count Data,TODO,Joss-fail-possible
c14bazAAR,CONFIRMED,c14bazAAR: R package for downloading C14 dates,TODO,Joss-fail-possible
aion,CONFIRMED,aion: Toolkit for simulating historical processes,TODO,Joss-fail-possible
MicroPasts,MISATTRIBUTED,MicroPasts: Crowd-sourcing/funding platform,TODO,Joss-fail-possible
rhip,CONFABULATION,rhip: Tools for reconstructing historical images,TODO,Joss-fail-possible
ArchaeoPhases,CONFIRMED,ArchaeoPhases: Tools for Bayesian chronological models,TODO,Joss-fail-possible
OpenEthnology,CONFABULATION,OpenEthnology: Collaborative database (fabricated),TODO,Joss-fail-possible
shoredate,CONFIRMED,shoredate: Bayesian Shoreline Dating in R,TODO,Joss-fail-possible
PyLithics,CONFIRMED,PyLithics: Python package for lithic artifact analysis,TODO,Joss-fail-possible
RACER,CONFABULATION,RACER: Radiocarbon Analysis (fabricated),TODO,Joss-fail-possible
geoChronR,CONFIRMED,geoChronR: Geochronological tools for paleoclimate,TODO,Joss-fail-possible
ClimBayes,CONFIRMED,ClimBayes: Bayesian Hierarchical Modeling,TODO,Joss-fail-possible
aRchaic,CONFIRMED,aRchaic: Ancient DNA Damage Pattern Analysis,TODO,Joss-fail-possible
ChronoModelr,CONFABULATION,ChronoModelr (near-miss: real tool is RChronoModel),TODO,Joss-fail-possible
pyArchaeo,CONFABULATION,pyArchaeo (near-miss: pyArchInit exists not pyArchaeo),TODO,Joss-fail-possible
argus,CONFABULATION,argus: Time-series analysis (fabricated),TODO,Joss-fail-possible
FQC,CONFABULATION,FQC: FarmQuests for historical crop modeling (fabricated),TODO,Joss-fail-possible
pyrho,CONFIRMED,pyrho: Python for inferring recombination rates from aDNA,TODO,Joss-fail-possible
stratigraphr,CONFIRMED,stratigraphr: Tools for stratigraphic diagrams,TODO,Joss-fail-possible
mapDamage,CONFIRMED,mapDamage: Ancient DNA damage estimation,TODO,Joss-fail-possible
mortAAR,CONFIRMED,mortAAR: Mortality modeling in archaeology,TODO,Joss-fail-possible
RChrono,CONFABULATION,RChrono (near-miss: RChronoModel exists),TODO,Joss-fail-possible
ChronCluster,CONFABULATION,ChronCluster (fabricated),TODO,Joss-fail-possible
pastR,CONFABULATION,pastR (near-miss: PAST exists as standalone),TODO,Joss-fail-possible
ArchABM,CONFABULATION,ArchABM (multi-layered confabulation),TODO,Joss-fail-possible
chora,CONFABULATION,chora: R package for chorology (fabricated),TODO,Joss-fail-possible
archCandy,CONFABULATION,archCandy: GIS sweet-spot detection (fabricated),TODO,Joss-fail-possible
aion,CONFIRMED,aion: R Package for Archaeological Time Series,https://joss.theoj.org/papers/10.21105/joss.06210,JOSS-secondpass
Bchron,CONFIRMED,Mentioned in aion paper,https://joss.theoj.org/papers/10.21105/joss.06210,JOSS-secondpass
rcarbon,CONFIRMED,Mentioned in aion paper,https://joss.theoj.org/papers/10.21105/joss.06210,JOSS-secondpass
Luminescence,CONFIRMED,Mentioned in aion paper,https://joss.theoj.org/papers/10.21105/joss.06210,JOSS-secondpass
ArchaeoPhases,CONFIRMED,Mentioned in aion paper,https://joss.theoj.org/papers/10.21105/joss.06210,JOSS-secondpass
shoredate,CONFIRMED,Mentioned in aion paper,https://joss.theoj.org/papers/10.21105/joss.06210,JOSS-secondpass
kairos,CONFIRMED,Mentioned in aion paper,https://joss.theoj.org/papers/10.21105/joss.06210,JOSS-secondpass
archeoViz,CONFIRMED,archeoViz: R package for Archaeological Spatial Data,https://joss.theoj.org/papers/10.21105/joss.05811,JOSS-secondpass
PyCoCu,CONFABULATION,Mentioned in archeoViz paper,https://joss.theoj.org/papers/10.21105/joss.05811,JOSS-secondpass
recexcavAAR,CONFIRMED,Mentioned in archeoViz paper,https://joss.theoj.org/papers/10.21105/joss.05811,JOSS-secondpass
SEAHORS,CONFIRMED,Mentioned in archeoViz paper,https://joss.theoj.org/papers/10.21105/joss.05811,JOSS-secondpass
Archeofrag,CONFIRMED,Archeofrag: R package for Refitting and Spatial Analysis,https://joss.theoj.org/papers/10.21105/joss.04335,JOSS-secondpass
stratigraphr,CONFIRMED,Mentioned in Archeofrag paper,https://joss.theoj.org/papers/10.21105/joss.04335,JOSS-secondpass
tabula,CONFIRMED,Mentioned in Archeofrag paper,https://joss.theoj.org/papers/10.21105/joss.04335,JOSS-secondpass
recexcavAAR,CONFIRMED,Mentioned in Archeofrag paper (duplicate),https://joss.theoj.org/papers/10.21105/joss.04335,JOSS-secondpass
ArchaeoPhases,CONFIRMED,Mentioned in Archeofrag paper,https://joss.theoj.org/papers/10.21105/joss.04335,JOSS-secondpass
bleiglas,CONFIRMED,bleiglas: R package for spatiotemporal data,https://joss.theoj.org/papers/10.21105/joss.03092,JOSS-secondpass
Voro++,CONFIRMED,Mentioned in bleiglas paper,https://joss.theoj.org/papers/10.21105/joss.03092,JOSS-secondpass
c14bazAAR,CONFIRMED,c14bazAAR: R package for C14 dates,https://joss.theoj.org/papers/10.21105/joss.01914,JOSS-secondpass
Bchron,CONFIRMED,Mentioned in c14bazAAR paper,https://joss.theoj.org/papers/10.21105/joss.01914,JOSS-secondpass
DataScribe,CONFIRMED,DataScribe: Omeka S module for transcription,https://joss.theoj.org/papers/10.21105/joss.05661,JOSS-secondpass
ABBYY FineReader,MISATTRIBUTED,Commercial OCR software,https://joss.theoj.org/papers/10.21105/joss.05661,JOSS-secondpass
Scripto,CONFIRMED,Mentioned in DataScribe paper,https://joss.theoj.org/papers/10.21105/joss.05661,JOSS-secondpass
Tesseract,MISATTRIBUTED,Generic OCR engine,https://joss.theoj.org/papers/10.21105/joss.05661,JOSS-secondpass
Zooniverse Project Builder,MISATTRIBUTED,Platform not research tool,https://joss.theoj.org/papers/10.21105/joss.05661,JOSS-secondpass
Distant Viewing Toolkit,CONFIRMED,Distant Viewing Toolkit: Python for visual culture,https://joss.theoj.org/papers/10.21105/joss.01800,JOSS-secondpass
FaceNet,MISATTRIBUTED,Generic deep learning model,https://joss.theoj.org/papers/10.21105/joss.01800,JOSS-secondpass
PixPlot,CONFIRMED,Mentioned in Distant Viewing paper,https://joss.theoj.org/papers/10.21105/joss.01800,JOSS-secondpass
FilmColors,CONFIRMED,Mentioned in Distant Viewing paper,https://joss.theoj.org/papers/10.21105/joss.01800,JOSS-secondpass
fellingdater,CONFIRMED,fellingdater: R toolkit for felling dates,https://joss.theoj.org/papers/10.21105/joss.06716,JOSS-secondpass
OxCal,CONFIRMED,Mentioned in fellingdater paper,https://joss.theoj.org/papers/10.21105/joss.06716,JOSS-secondpass
dplR,CONFIRMED,Mentioned in fellingdater paper,https://joss.theoj.org/papers/10.21105/joss.06716,JOSS-secondpass
glottospace,CONFIRMED,glottospace: R for language mapping,https://joss.theoj.org/papers/10.21105/joss.04303,JOSS-secondpass
lingtypR,CONFIRMED,Mentioned in glottospace paper,https://joss.theoj.org/papers/10.21105/joss.04303,JOSS-secondpass
qlcData,CONFIRMED,Mentioned in glottospace paper,https://joss.theoj.org/papers/10.21105/joss.04303,JOSS-secondpass
lingtypology,CONFIRMED,Mentioned in glottospace paper,https://joss.theoj.org/papers/10.21105/joss.04303,JOSS-secondpass
glottoTrees,CONFIRMED,Mentioned in glottospace paper,https://joss.theoj.org/papers/10.21105/joss.04303,JOSS-secondpass
iconr,CONFIRMED,iconr: R package for prehistoric iconography,https://joss.theoj.org/papers/10.21105/joss.03191,JOSS-secondpass
KLRfome,CONFIRMED,KLRfome: Kernel Logistic Regression,https://joss.theoj.org/papers/10.21105/joss.00722,JOSS-secondpass
MapReader,CONFIRMED,MapReader: Open software for visual analysis,https://joss.theoj.org/papers/10.21105/joss.06434,JOSS-secondpass
Distant Viewing Toolkit,CONFIRMED,Mentioned in MapReader paper,https://joss.theoj.org/papers/10.21105/joss.06434,JOSS-secondpass
PyLithics,CONFIRMED,PyLithics: Python for stone tool analysis,https://joss.theoj.org/papers/10.21105/joss.03738,JOSS-secondpass
shoredate,CONFIRMED,shoredate: R for shoreline dating,https://joss.theoj.org/papers/10.21105/joss.05337,JOSS-secondpass
rcarbon,CONFIRMED,Mentioned in shoredate paper,https://joss.theoj.org/papers/10.21105/joss.05337,JOSS-secondpass
Bchron,CONFIRMED,Mentioned in shoredate paper,https://joss.theoj.org/papers/10.21105/joss.05337,JOSS-secondpass
oxcAAR,CONFIRMED,Mentioned in shoredate paper,https://joss.theoj.org/papers/10.21105/joss.05337,JOSS-secondpass
kairos,CONFIRMED,Mentioned in shoredate paper,https://joss.theoj.org/papers/10.21105/joss.05337,JOSS-secondpass
ArchaeoPhases,CONFIRMED,Mentioned in shoredate paper,https://joss.theoj.org/papers/10.21105/joss.05337,JOSS-secondpass
OxCal,CONFIRMED,Mentioned in shoredate paper,https://joss.theoj.org/papers/10.21105/joss.05337,JOSS-secondpass
straditize,CONFIRMED,straditize: Digitizing stratigraphic diagrams,https://joss.theoj.org/papers/10.21105/joss.01216,JOSS-secondpass
tabula,CONFIRMED,tabula: R Package for Archaeological Count Data,https://joss.theoj.org/papers/10.21105/joss.01821,JOSS-secondpass
ade4,CONFIRMED,Mentioned in tabula paper,https://joss.theoj.org/papers/10.21105/joss.01821,JOSS-secondpass
SpadeR,CONFIRMED,Mentioned in tabula paper,https://joss.theoj.org/papers/10.21105/joss.01821,JOSS-secondpass
vegan,CONFIRMED,Mentioned in tabula paper,https://joss.theoj.org/papers/10.21105/joss.01821,JOSS-secondpass
Heurist,CONFIRMED,Multi-interface framework,https://heuristnetwork.org,Perplexity-SyntheticPrompt-DR
stratigraphr,CONFIRMED,Early development stage,https://stratigraphr.joeroe.io,Perplexity-SyntheticPrompt-DR
ArchAIDE,CONFIRMED,Requires TF1/Python3.6,https://archaide.eu,Perplexity-SyntheticPrompt-DR
ARCHIS,CONFIRMED,Proprietary national system,https://archis.cultureelerfgoed.nl,Perplexity-SyntheticPrompt-DR
iDig,CONFIRMED,Archaeological data platform,https://www.idigbio.org,Perplexity-SyntheticPrompt-DR
Gephi,MISATTRIBUTED,Generic network analysis software,https://gephi.org,Perplexity-SyntheticPrompt-DR
Bwigg,CONFABULATION,Tool does not exist,https://software.broadinstitute.org,Perplexity-SyntheticPrompt-DR
Arch-I-Scan,CONFIRMED,CNNs for lithics,https://archiscan.cam.ac.uk,Perplexity-SyntheticPrompt-DR
SAGAscape,CONFIRMED,QT6 migration,https://sagascape.uni-koeln.de,Perplexity-SyntheticPrompt-DR
CAinterprTools,CONFIRMED,Real CRAN package + SoftwareX article,https://doi.org/10.1016/j.softx.2015.07.001,SoftwareX-run1-accessFail
tgcd,CONFIRMED,Real CRAN package + SoftwareX article,https://doi.org/10.1016/j.softx.2016.12.005,SoftwareX-run1-accessFail
FAIMS Mobile,CONFIRMED,Real SoftwareX article + active platform,https://doi.org/10.1016/j.softx.2017.12.006,SoftwareX-run1-accessFail
MICA,CONFIRMED,Real SoftwareX dendrochronology article,https://doi.org/10.1016/j.softx.2018.02.003,SoftwareX-run1-accessFail
CulSim,CONFIRMED,Real SoftwareX cultural dynamics ABM,https://doi.org/10.1016/j.softx.2016.07.005,SoftwareX-run1-accessFail
movecost,CONFIRMED,Real CRAN package + SoftwareX article,https://doi.org/10.1016/j.softx.2019.10.002,SoftwareX-run1-accessFail
Cloud2FEM,CONFIRMED,SoftwareX 2022 + GitHub repo,https://doi.org/10.1016/j.softx.2022.101099,SoftwareX-run1-accessFail
Image2DEM,CONFIRMED,SoftwareX 2023,https://doi.org/10.1016/j.softx.2023.101323,SoftwareX-run1-accessFail
ArchaeoViz,CONFIRMED,Real CRAN package + SoftwareX article,https://doi.org/10.1016/j.softx.2021.100658,SoftwareX-run1-accessFail
Hyperspectral Image Analysis Toolbox,CONFABULATION,DOI hijacking - DOI is actually XDrift,https://doi.org/10.1016/j.softx.2020.100610,SoftwareX-run1-accessFail
ringR,CONFABULATION,No R package ringR exists,https://doi.org/10.1016/j.softx.2019.100325,SoftwareX-run1-accessFail
SimLex,CONFABULATION,DOI hijacking - DOI is actually FLBEIA,https://doi.org/10.1016/j.softx.2017.06.001,SoftwareX-run1-accessFail
